item_id,item_name,category,canonical_unit,existing_case_quantity,retained_source_packs,review_reason
45075362-295d-4bdc-9df6-180e987d926a,1/2 SHT APPLE CINNAMON STREUSEL CHSCK CUT 2X2,Vendor Prepared Items,ea,1,1/1 Case,Pack contents unspecified
b1e3d771-cad0-4f36-b7e6-7287eed01662,1/2 SHT CHOC PUMPKIN BRANDY CAKE CUT 2X2,Vendor Prepared Items,ea,1,1/1 Case,Pack contents unspecified
70515fa1-edf7-4411-8426-d942f5362966,1/2 SHT CHOCHOLATE MINT CAKE CUT 2X2,Vendor Prepared Items,ea,1,1/1 Case,Pack contents unspecified
f88c8cef-5df7-46ee-9e76-f39a2003744f,1/2 SHT CRANBERRY PUMPKIN UPSIDE DOWN CAKE CUT 2X2,Vendor Prepared Items,ea,1,1/1 Case,Pack contents unspecified
4e1740fe-b40f-487e-92b6-d195c47a9f45,1/2 SHT HUMMINGBIRD CAKE CUT 2X2,Vendor Prepared Items,ea,1,1/1 Case,Pack contents unspecified
c68503d4-6090-4a31-a051-7bc8787a9a0f,1/2 SHT KEYLIME PIE CUT 2X2,Vendor Prepared Items,ea,1,1/1 Case,Pack contents unspecified
ed9248e2-b011-4947-a49c-adce57196dd7,1/2 SHT ORANGE CRANBERRY CHSCK CUT 2X2,Vendor Prepared Items,ea,1,1/1 Case,Pack contents unspecified
97328cf2-b2d0-4c75-976d-adcd143ae7cb,2.2 INCH BOURBON PECAN TART,Vendor Prepared Items,ea,1,1/1 Case,Pack contents unspecified
53252366-3e85-404b-8862-610ac65d6de8,2.2 INCH TARTS BLUEBERRY 2.2 INCH,Vendor Prepared Items,ea,1,1/1 Case,Pack contents unspecified
90026675-f610-454d-a0e8-6e8c5d622c29,20ZPHC8P PA ZRO MXD BRY,Non-Alcoholic Beverages,ea,1,1/1 Case,Pack contents unspecified
0da833bc-85be-488e-b867-85c1b3bc1eb6,APPLE TART 2.2 INCH,Vendor Prepared Items,ea,1,1/1 Case,Pack contents unspecified
3bef74e8-8f2f-4825-bd44-9f2d17c22ef1,"ASSORTMENT OF BUTTERFLIES, WH CHOC,",Dry Goods,ea,1,1/1 Case,Pack contents unspecified
c880e1d1-a3c9-485a-bfff-d43715dfee1b,AUSTIN HOPE PASO ROB CAB 9PK +14,Wine,ea,1,1/1 Case,Pack contents unspecified
f3da1897-2dd5-4bca-9d86-616219929900,AZ20 OZ TALLBOY ARNOLD PLMR SOUT,Non-Alcoholic Beverages,ea,1,1/1 Case,Pack contents unspecified
6d75b0d6-e90f-44c8-9bd5-de9457e6c378,Anniversary Chocolate,Dry Goods,ea,1,1/1 Case,Pack contents unspecified
832f40cc-032b-44ff-a0b6-52e66eaf344c,Apples - Red Delicious,Produce,ea,40,1/40 EA | 1/72 EA,Conflicting source packs
f3b9bcc7-b4b9-42c3-9429-c9c156cd7169,Apricot - Dried,Dry Goods,oz,160,1/10 LB | 1/5 LB,Conflicting source packs
69163edf-e544-4903-aa69-70df7476bcd6,Artichoke - Hearts,Dry Goods,oz,634.93134,1/3 KG | 6/3 KG,Conflicting source packs
f84cd047-ef9b-4b18-80b6-8f17033f493a,Arugula,Produce,oz,48,1/1.5 LB | 2/1.5 LB,Conflicting source packs
e5e23d06-d348-43bd-af0d-1f74b255424d,Asst Lays Chips,Dry Goods,ea,60,1/30 EA | 1/60 EA,Conflicting source packs
8a201862-c42d-41b9-8919-378257e34a5d,Avocado,Produce,ea,24,1/24 EA | 1/54 EA,Conflicting source packs
26481afe-0b4d-4659-b71c-e2756defb444,BACON WRAPPED DATES W/ GOAT CHEESE,Vendor Prepared Items,ea,1,1/1 Case,Pack contents unspecified
76bdae54-3f64-45d8-ad83-0257d349f4a4,BANANA BREAD FLAVOR PACK IND BAGS (30 B,Bread,ea,1,1/1 Case,Pack contents unspecified
1eb35ba7-1f83-495c-be13-1be20a4ea1cf,BANANA FOSTER BAR,Vendor Prepared Items,ea,1,1/1 Case,Pack contents unspecified
22fa2ae0-8e78-481b-9ac8-e31c6fe00795,BBQ KC Masterpeice,Dry Goods,ml,15141.64,1/4 GAL | 4/1 GAL,Conflicting source packs
9fd6c5d0-35f0-4496-afd7-f6fa1ccc2366,BEEF EMPANADA,Vendor Prepared Items,ea,100,1/100 EA | 1/30 EA,Conflicting source packs
34b0d06d-5114-4924-9cf3-dfc9db02e5d2,BEEF SATAY B2028,Vendor Prepared Items,ea,1,1/1 Case,Pack contents unspecified
1ae6fc37-653d-4096-af72-0379a68c58ad,BIALE ZINFANDEL BLACK CHICKEN,Wine,ea,1,1/1 Case,Pack contents unspecified
18fee2f3-e0f1-4666-a1a5-0d62beeb9777,BLUE BELL ICE CRM,Vendor Prepared Items,ea,1,1/1 Case,Pack contents unspecified
2430d0c3-9041-4987-a9d6-6d6c0d88424c,BONNE-MAMAN HONEY MINI,Dry Goods,ea,60,1/60 EA | 60/1 EA,Conflicting source packs
1a49cc6e-f8ac-49c9-ac66-502d3bc34e0c,BOX FOOD 18 INCH X 26 INCH X 1,TOGO Supplies,ea,1,1/1 Case,Pack contents unspecified
a824f6c9-f8a7-4b6e-8bd5-13716e026ad9,BREY CHOCOLATE,Vendor Prepared Items,ea,1,1/1 Case,Pack contents unspecified
55035ee1-b701-4f8b-9263-41b6601d5469,BULB LIGHT HT SHATTERPRF CLR,Paper Products,ea,1,1/1 Case,Pack contents unspecified
6f29f473-0934-4677-8dd9-10a601367897,Bacardi Mini,Liquor,ea,120,12/10 Case,Pack contents unspecified
10583111-5a8e-4e29-a610-70b417cb023d,Banana Peppers,Dry Goods,ml,3785.41,1/1 GAL | 4/1 GAL,Conflicting source packs
d03320f3-b085-4fe7-b958-02d0171b9936,Beef - Bratwurst,Meat,oz,160,1/10 LB | 40/4 OZ,Conflicting source packs
9c951339-7cfb-48bb-b147-38e63f856370,Beef - Ground,Meat,oz,16,1/1 LB | 2/10 LB,Conflicting source packs
813b8141-3b23-4656-93d1-ab2d46eb4e0e,Beef - Skirt Steak,Meat,oz,16,1/1 LB | 24/8 OZ,Conflicting source packs
5256616d-5f29-4c23-89e4-728457ecaf6e,Broccoli,Produce,ea,1,1/1 Case,Pack contents unspecified
514726fa-1c16-4dbe-8bb8-c01fc478b739,Bunny Luv BB Carrots,Produce,oz,240,1/1 Case | 1/15 LB,Conflicting source packs
a5666c96-da3b-4310-a791-419d1f22f34a,CAKE POPS ASST,Vendor Prepared Items,ea,1,1/1 Case,Pack contents unspecified
03177798-b8f5-49ef-93d9-ee2adb89d53c,CAMILLE DE LABRIE 2020 (6PK) 91-93JS,Wine,ml,4500,1/1 Case | 6/1 750ML,Conflicting source packs
ebc6688b-fe9b-4f2e-b12f-7ef33b6c5a3e,CAPPUCCINO CREAMER Busy bean,Dairy,ea,1,1/1 Case,Pack contents unspecified
79b062d9-f497-4fd6-be43-e71aeb540378,CHAYOTE,Produce,ea,1,1/1 Case,Pack contents unspecified
51b27075-5fb5-4c7a-8f0d-775e847d4b10,CHICKEN PECAN TENDER,Vendor Prepared Items,ea,1,1/1 Case,Pack contents unspecified
620f7610-8277-4b15-96c9-54a2d6fe4c8d,CHOCOLATE MANGO BAR,Vendor Prepared Items,ea,1,1/1 Case,Pack contents unspecified
0698c612-ceb8-49d6-8678-83cb8849e9db,COCONUT MOCHA BAR,Vendor Prepared Items,ea,1,1/1 Case,Pack contents unspecified
e93184ec-ad37-461a-bc5a-2892de7ddf95,CONE MINI BLACK SESAME VEGAN,Dry Goods,ea,1,1/1 Case,Pack contents unspecified
bd2ab004-71f3-4933-8a79-984ca010bf1f,"CURVED GREEN PETALS DUO, WHITE CHOCOLATE, 160 PCS",Dry Goods,ea,1,1/1 Case,Pack contents unspecified
f16087c9-fb87-4d67-a253-621a31611824,Cabbage - Red,Produce,oz,160,1/1 LB | 1/10 LB,Conflicting source packs
5413aa19-e7a0-4681-9552-88b9386ee1e8,Cabbage - Slaw Mix,Produce,oz,128,4/2 LB | 4/5 LB,Conflicting source packs
e7619430-991a-46b2-947e-5ce6e4721998,Captain Morgan Mini,Liquor,ea,120,12/10 Case,Pack contents unspecified
676086e8-3368-4692-a429-a240c5284efd,Casamigos Mini,Liquor,ea,60,5/12 Case,Pack contents unspecified
b7d1e7af-ebb1-410f-96da-f2e7e9b52d6c,Celery,Produce,ea,36,1/15 EA | 1/36 EA,Conflicting source packs
1508bbda-a482-4d7c-80b3-93572b389e2d,Cheese - American Yellow Sliced,Dairy,oz,320,1/5 LB | 4/5 LB,Conflicting source packs
fb0c07ba-0e79-4abd-b204-8b4114f8cb5f,Cheese - Cheddar Mild Shredded,Dairy,oz,320,1/5 LB | 4/5 LB,Conflicting source packs
2299aba4-a13d-48a7-93a7-d4f6c4883433,Cheese - Cream Cheese,Dairy,oz,100,100/1 OZ | 6/3 LB,Conflicting source packs
530ffe84-5f03-4ebd-b7a0-41c293083fc3,Cheese - Swiss,Dairy,oz,16,1/1 LB | 2/5 LB,Conflicting source packs
7f4629fb-68f5-4f7a-8f8b-fe4b0b34068d,Chicken - Drumsticks,Poultry,oz,640,1/40 LB | 4/10 LB,Conflicting source packs
9cf78a7b-aedd-4240-922b-0804e6f0f4a6,Chili thai,Produce,ea,1,1/1 Case,Pack contents unspecified
1a774f54-8a64-4594-9477-45379b58a87b,Chocolate Chip Cookie Dough,Vendor Prepared Items,oz,360,1/80 EA | 80/4.5 OZ,Conflicting source packs
eb396168-a806-4260-ab7f-6aa6d03d7809,Cod - Fillet,Seafood,oz,160,1/1 LB | 1/10 LB,Conflicting source packs
e0adac71-6745-4b9a-b9fc-5ae9902f5f90,Cod - Portion,Seafood,ea,1,1/1 Case,Pack contents unspecified
aeb4321b-58b5-4b40-ab92-3639d9f63beb,Corona - Light - Bottled,Bottled Beer,ea,24,1/24 EA | 24/1 EA,Conflicting source packs
1cc23f25-61b4-48e5-b0a7-4b248506b4df,Cupcakes,Vendor Prepared Items,ea,1,1/1 Case,Pack contents unspecified
fdc5dc62-c3c4-4249-bbb5-e530945dfdf3,DOWS PORT TAWNY 10YR 6B 750ML,Wine,ea,1,1/1 Case,Pack contents unspecified
fd013f4a-29b4-45a2-a64d-3025b2ed164a,DRIED WASABI PEAS,Dry Goods,ea,1,1/1 Case,Pack contents unspecified
cc340f68-814a-4bce-bb72-1c68330d3e7a,DRINK GATORADE G2 FRUIT PUNCH,Non-Alcoholic Beverages,ea,1,1/1 Case | 1/24 EA,Conflicting source packs
a332725a-a831-4621-a1bb-fddc8dea7b96,DUCKHORN MERLOT NAPA VLY 22 75,Wine,ea,1,1/1 Case,Pack contents unspecified
272d3b97-e75c-4ce0-be69-bf1dc15f6cba,Deco Blooming heart,Dry Goods,ea,1,1/1 Case,Pack contents unspecified
3ca92b83-df13-4dc6-8096-9f0debbddf29,Demi-Glace,Food Prep Item,ml,24605.178,1/26 QT | 1/36 QT,Conflicting source packs
bf7d61ea-6303-4949-9b35-cd37f8ab8521,Dijon PC,Dry Goods,ea,200,1/200 Case,Pack contents unspecified
d701a245-7b2c-436c-a548-41a92ce85b67,Dill - Dried,Dry Goods,oz,1,1/1 OZ | 1/5 OZ,Conflicting source packs
9e2cc89f-14f8-466b-9c6d-ccf444da0168,ESPRESSO Cheesecake,Vendor Prepared Items,ea,1,1/1 Case,Pack contents unspecified
c2103d55-da88-497a-94bf-8ec8904ddd2e,F/S BANANA POSTER CAKE CUT 2X2,Vendor Prepared Items,ea,1,1/1 Case,Pack contents unspecified
c0ed87fb-624b-489b-b943-b717011324c9,F/S CHOC RASPBERRY CAKE CUT 2X2,Vendor Prepared Items,ea,1,1/1 Case,Pack contents unspecified
cfd5e652-e868-45ff-915c-55ad720d7a53,F/S DULCE DE LECHE CAKE CUT 2X2,Vendor Prepared Items,ea,1,1/1 Case,Pack contents unspecified
72513672-106d-452c-ad12-0b69b7fbaf36,F/S GRAND MARNIER CAKE CUT 2X2,Vendor Prepared Items,ea,1,1/1 Case,Pack contents unspecified
ebdcd833-0627-40cb-8d8c-2d0817823769,F/S GRAND MARNIER CHSCK CUT 2X2,Vendor Prepared Items,ea,1,1/1 Case,Pack contents unspecified
4fd2733c-cfae-41e7-b589-93cd431fe0ae,F/S HUMMINGBIRD CAKE CUT 2X2,Vendor Prepared Items,ea,1,1/1 Case,Pack contents unspecified
4db57826-57cd-40a7-b511-5f04af7dbacc,F/S KAHLUA CHSCK CUT 2X2,Vendor Prepared Items,ea,1,1/1 Case,Pack contents unspecified
6221b2d8-4d80-4926-a80a-804949a4b9cc,F/S KEYLIME PIE CUT 2X2,Vendor Prepared Items,ea,1,1/1 Case,Pack contents unspecified
47f8cf42-6450-446c-a6cc-eb91c2d36535,F/S ORANGE SUNSHINE CAKE CUT 2X2,Vendor Prepared Items,ea,1,1/1 Case,Pack contents unspecified
c0797072-15cc-4612-8169-caf430e5e7cb,F/S PASSION FRUIT MANGO CAKE CUT 2X2,Vendor Prepared Items,ea,1,1/1 Case,Pack contents unspecified
8f95714d-d489-405d-b3f6-f421be51b352,F/S SALTED CARAMEL CAKE CUT 2X2,Vendor Prepared Items,ea,1,1/1 Case,Pack contents unspecified
2857bbb6-f1b9-4396-a29d-ef140a1ef167,F/S SALTED CARAMEL CHSCK CUT 2X2,Vendor Prepared Items,ea,1,1/1 Case,Pack contents unspecified
b64aa271-94ab-4579-9acd-0f8a63a459c3,F/S STRAWBERRY SWIRL MASCARPONE CHSCK CUT 2X2,Vendor Prepared Items,ea,1,1/1 Case,Pack contents unspecified
e1be96ac-6db2-43ca-8166-ba029bf661a5,F/S WHITE CHOCOLATE RASPBERRY CHSCK CUT 2X2,Vendor Prepared Items,ea,1,1/1 Case,Pack contents unspecified
dfecf9b8-f6f9-4008-950f-9ab35c7eb404,FAIRBANKS SHERRY - 2005687,Wine,ea,6,6/1 Case,Pack contents unspecified
c721712b-dce9-4c09-aa7e-eefc12ac37dc,FRENCH MACARONS,Vendor Prepared Items,ea,1,1/1 Case,Pack contents unspecified
0410f013-7b2f-4b1f-9c24-5a667bb96d09,FRENCH VANILLA CAPPUCCINO POWDER,Non-Alcoholic Beverages,ea,1,1/1 Case,Pack contents unspecified
04b786f0-994b-4f58-a387-445bb5dc56f1,Feuilletine,Dry Goods,ea,1,1/1 Case,Pack contents unspecified
bbc888ad-f01b-4567-a9fb-b1acd3e08c0a,GOLF BALL 3D,Dry Goods,ea,1,1/1 Case,Pack contents unspecified
47b2b4b2-6606-4f8d-b668-bfb7607d506a,GOYA SEASONING,Dry Goods,ea,1,1/1 Case,Pack contents unspecified
299b07be-5847-4160-9cb5-acf7e7eaef51,GUINES DRAUGHT,Bottled Beer,ea,1,1/1 Case,Pack contents unspecified
b70fc4ae-dada-4cad-b59a-98eb57a3df28,GUINNESS 4PK,Bottled Beer,ea,1,1/1 Case,Pack contents unspecified
7ad0afd6-6502-481a-aed5-ba80877ef5d3,Garlic Bread,Bread,ea,120,12/10 EA | 16/8 EA,Conflicting source packs
c027706f-936a-4b80-a8f8-a7e81bc18bee,Gluten free tart mini,Dry Goods,ea,1,1/1 Case,Pack contents unspecified
10e8921f-bc0c-4634-a71c-aa35f6b37e5a,Goat cheese stuff dates,Vendor Prepared Items,ea,100,1/100 Case,Pack contents unspecified
09f21d3a-2dd9-4904-b944-6db46bf851fd,Grapefruit juice white,Non-Alcoholic Beverages,ea,24,1/24 Case,Pack contents unspecified
2a0a44e0-c992-4bf0-bdb3-097bf783294b,Grapes - Green,Produce,ea,1,1/1 Case,Pack contents unspecified
447b1b85-d463-4fc9-ba6f-388a4d8c9955,HALAL CHICKEN PART,Poultry,ea,1,1/1 Case,Pack contents unspecified
e8f59dc1-024d-4deb-8100-8a85a4e4beba,HOT CHOCOLATE Busy bean,Non-Alcoholic Beverages,ea,1,1/1 Case,Pack contents unspecified
2a4931c5-1bb1-4da3-9d0a-b7dbcf80de1a,Herbs - Oregano,Produce,oz,64,1/4 LB | 1/4 OZ | 1/5 LB,Conflicting source packs
f2101e20-45da-4a03-a934-599158d49499,Herbs - Sage,Produce,oz,4,1/0.25 LB | 2/0.5 LB,Conflicting source packs
ed26e500-dd37-40ac-b77f-8538cd12e994,Hoagie Roll,Bread,ea,1,1/1 EA | 12/6 EA,Conflicting source packs
afc77f83-ab77-4482-952f-9eaa4c8a36eb,Hummingbird cake 14 cut,Vendor Prepared Items,ea,1,1/1 Case,Pack contents unspecified
01f2c922-6452-440d-8efa-db1f457927e2,JACK DANIELS CAKE mini,Vendor Prepared Items,ea,1,1/1 Case,Pack contents unspecified
0fa142f0-784c-4fb7-8876-2250bc12645a,JIL COLOMBO COTE RHONE ABEILL,Wine,ea,1,0/0 750ML,Source unit or pack geometry needs review
b85c4d77-e7d5-4585-ad40-f9e9752a572c,Johnnie Walker Mini,Liquor,ea,120,10/12 Case,Pack contents unspecified
227e66c3-1250-4754-9f48-d44abbb6934a,Juice - Lemon,Non-Alcoholic Beverages,ml,15141.64,12/1 QT | 4/1 GAL,Conflicting source packs
d627c0af-c011-489c-a341-b10ffcc33e47,KEYLIME TARTS 2.2 INCH,Vendor Prepared Items,ea,1,1/1 Case,Pack contents unspecified
37a8aa7c-92d1-4366-8f4a-3e6150803c3c,Ketel One Mini,Liquor,ea,120,10/12 Case,Pack contents unspecified
f25a4152-1878-4339-9cb3-762ce7cc29ec,"LA MASSA IGT TUSCAN RED 2021 (94V, 94RP)",Wine,ea,1,1/1 Case,Pack contents unspecified
cb15bdaf-edea-41dd-9872-0bed0cd5c14d,LEAVES TI GREEN (TAXABLE),Produce,ea,1,1/1 Case,Pack contents unspecified
9baea653-176f-41f5-a323-790e6ce18fca,LETTUCE OAK RED BABY CS,Produce,ea,1,1/1 Case,Pack contents unspecified
50e5d27d-e7bb-420a-85e2-780e2ea9e134,Lemonade,Non-Alcoholic Beverages,oz,210,15/14 OZ | 15/2 GAL,Conflicting source packs
a2fcb5ae-8c2f-44e4-8ce2-e260e46c7056,Lettuce - Baby Gem,Produce,ea,1,1/1 Case,Pack contents unspecified
1158e802-82f3-48d6-a5c8-fc4543540fda,Lettuce - Romaine Baby Red,Produce,ea,1,1/1 Case,Pack contents unspecified
3fd5dbe7-46fc-4627-9deb-7e2147960f1f,Lobster - Claw and Knuckle meat,Seafood,oz,192,3/2 LB | 6/2 LB,Conflicting source packs
06c205ac-f925-41ff-998a-1e6c713e8d1c,MINI CHOCOLATE GOOEY BALLS (48),Vendor Prepared Items,ea,1,1/1 Case,Pack contents unspecified
538049c4-d11d-4be9-8716-f1c17711c792,MINI PETIT FOURS ASST (80CT),Vendor Prepared Items,ea,1,1/1 Case,Pack contents unspecified
5fdea9cc-3ad3-4053-ae7e-992b2cbb653c,MINI RUM BALLS (48),Vendor Prepared Items,ea,1,1/1 Case,Pack contents unspecified
16db1e74-95a4-4ce9-b810-273493de3a9d,Maker's Mark,Liquor,ea,1,0/0 LT,Source unit or pack geometry needs review
714b4fec-6ac8-4163-89e4-e92e67eee6c3,Marjoram - Dried,Dry Goods,oz,3,1/3 OZ | 6/4 OZ,Conflicting source packs
5573bf8b-96cb-4708-9b27-76483642e85e,Milk,Dairy,ea,1,1/1 Case,Pack contents unspecified
2082515d-2b87-4407-b413-1362165c524f,Milk - Whole,Dairy,ml,15141.64,1/1 GAL | 4/1 GAL,Conflicting source packs
19ac69de-43ae-4187-a96f-bb2b72a38881,Mizuna,Produce,ea,1,1/1 Case,Pack contents unspecified
c29c92a5-dcbb-48dd-8aaf-d0b1dff6b976,Mocha beans Chocolate,Vendor Prepared Items,ea,1,1/1 Case,Pack contents unspecified
407fb1d4-ba99-4657-9f30-554419d96c02,Muffin,Bread,oz,96,24/4 OZ | 96/2.25 OZ,Conflicting source packs
7d04a5b9-6c59-4651-a8bb-26b6e658856a,Mushrooms - Blends/Mix,Produce,ea,1,1/1 Case,Pack contents unspecified
461b8b15-1a6e-4661-bbd7-31e4172a34c5,Oat Wheat,Bread,ea,1,1/1 Case,Pack contents unspecified
2f1081be-3de4-46f0-9af8-8ea1a20145ce,Olive Oil - Extra Virgin,Dry Goods,ml,250,1/250 ML | 1/500 ML,Conflicting source packs
309f454a-e5da-429c-b9a0-7bdbe558056e,Onions - Green,Produce,ea,24,1/12 EA | 1/24 EA,Conflicting source packs
6dc046ec-1ebe-448b-89c2-9d8dc31644a2,Onions - Yellow,Produce,oz,80,1/5 LB | 1/50 LB,Conflicting source packs
ab1fc332-457a-427f-ba69-f5d66c4ec712,PA ZRD GRP,Non-Alcoholic Beverages,ea,1,1/1 Case,Pack contents unspecified
3954056c-976c-4bb0-994e-29374c793918,PRESERVE STRWB GLS BOM MAM,Dry Goods,ea,1,1/1 Case,Pack contents unspecified
348ac0e3-016f-4a4e-b1f5-7fe3030b75b2,PULL WHITE LENGTHWISE,Bread,ea,1,1/1 Case,Pack contents unspecified
09d5c4fd-81ff-4907-932c-9a0a2e2ce672,PULLMAN LENGTHWISE,Bread,ea,1,1/1 Case,Pack contents unspecified
60784eac-79b7-4ce4-b95b-8d42c9e686d8,PUMPKIN PIE REG UNCUT,Vendor Prepared Items,ea,1,1/1 Case,Pack contents unspecified
eb760a74-024b-4182-8ac8-1e11aa735cea,Paper Tray,Paper Products,ea,1,1/1 Case,Pack contents unspecified
6adb2c3a-d518-4b5e-9393-01a6f925fb70,Pasta - large shells,Vendor Prepared Items,ea,1,1/1 Case,Pack contents unspecified
e7b411b3-a4fd-4a7b-b23c-603ee64bbcb9,Pepperoni,Meat,lb,10,2/5 LB,Source unit or pack geometry needs review
9a02c849-8ef8-4cbe-b973-88791f66f13e,Peppers - Green,Produce,oz,16,1/1 LB | 1/5 LB,Conflicting source packs
eb8bab18-117b-4b13-ae61-57eca6aa2e03,Popcorn Kit,Dry Goods,ea,384,24/16 Case,Pack contents unspecified
a8be19c6-1d9f-43fe-a49f-570b37e903f1,Pork - Loin Chop,Meat,oz,160,1/1 LB | 20/8 OZ,Conflicting source packs
bb3cb108-4be8-472f-8555-fdec0e9d9a38,Potato Skins,Vendor Prepared Items,ea,1,1/1 Case,Pack contents unspecified
660ff66a-2cb8-4410-85bc-c292572122c8,Potatoes - Red,Produce,oz,800,1/50 LB | 6/2.5 LB,Conflicting source packs
3c42efb3-2124-48dc-8d4a-b27cba98aeeb,Praline Croquatine,Dry Goods,ea,1,1/1 Case,Pack contents unspecified
86eaa48d-0667-4366-a912-6cca8c7a50d2,QUESADILLA CHICKEN & CHEESE,Vendor Prepared Items,ea,1,1/1 Case,Pack contents unspecified
37b8f91a-2423-4fdd-92b3-e5126da70fc3,Queso Fresco,Dairy,oz,256,1/5 LB | 2/8 LB,Conflicting source packs
8419f0aa-229c-492c-bc70-73e8e0d1dcee,ROOT KOHLRABI,Produce,ea,1,1/1 Case,Pack contents unspecified
da0dd1af-65c9-4056-a15a-5c0c11999fe4,Red Food color,Dry Goods,ea,1,1/1 Case,Pack contents unspecified
dfed466a-a1bf-48c0-8888-fbabfa696f2a,Roasted Potatoes,Vendor Prepared Items,oz,240,5/3 LB | 6/2.5 LB,Conflicting source packs
4aedbbc4-d6c2-4d20-8d34-7d0a379e591e,SALTED CARAMEL CHSCK (50 CT),Vendor Prepared Items,ea,1,1/1 Case,Pack contents unspecified
915adcc5-d198-488b-8e9c-fbe4660e0211,SAUCE CHEESE CHDR SHARP,Dairy,oz,560,4/140 OZ | 6/111 OZ,Conflicting source packs
14944ecc-04b9-4fd6-bf50-9b05ad93a98a,SCALLOP BACON WRAPPED WF,Vendor Prepared Items,ea,1,1/1 Case,Pack contents unspecified
1f4be760-7f80-44fb-81e2-5bb30718f013,SHOOTERS MANGO GUAVA,Vendor Prepared Items,ea,1,1/1 Case,Pack contents unspecified
6b88ce7a-443f-4224-bb61-797d9ceac77d,SHOOTERS MANGO GUAVA - 3312782,Vendor Prepared Items,ea,1,1/1 Case,Pack contents unspecified
69541b44-3b29-4278-b31d-d8dac96b8763,SHOOTERS STRAWBERRY MOUSSE,Vendor Prepared Items,ea,1,1/1 Case,Pack contents unspecified
986bdaf8-9a07-4425-bba4-c5e22425fa9b,STRAWBERRY SWIRL CHEESECAKE CUT 16,Vendor Prepared Items,ea,1,1/1 Case,Pack contents unspecified
052d6fd9-4248-46a8-9fe7-c288e6fdbd92,San Pellegrino,Non-Alcoholic Beverages,ml,11250,1/12 EA | 15/1 750ML,Conflicting source packs
d614ba23-d2f2-4578-97bc-b3750a50b716,Sausage - Andouille,Meat,ea,1,1/1 Case,Pack contents unspecified
3431a810-db6b-427b-a2fc-3e6520d3662b,Shallots - Peeled,Produce,oz,80,1/5 LB | 2/5 LB,Conflicting source packs
87812bf0-6ecb-4ae6-81d8-25fb701d17d3,Shrimp - 16-20,No Account,oz,160,1/1 LB | 4/2.5 LB,Conflicting source packs
6ad040da-12f9-4826-9fed-a531bb9fa3dc,Shrimp - 6-8,Seafood,oz,160,1/10 LB | 4/2.5 LB,Conflicting source packs
84b198a1-8345-448f-8b26-865299153f1b,Shrimp - 70-90,Seafood,oz,160,1/10 LB | 5/2 LB,Conflicting source packs
bc3ba8e7-2614-4e23-97c2-0830b8c46895,Squash - Zucchini,Produce,oz,80,10/1 LB | 5/1 LB,Conflicting source packs
9b43bfaa-8666-4a2e-bd6e-93bd80c2ac96,Stella Artois - Bottled,Bottled Beer,ea,24,1/24 EA | 2/12 EA,Conflicting source packs
a8c5476d-ca4a-4a03-a2eb-32364e7dcfbd,TART CHERRY MIni,Vendor Prepared Items,ea,1,1/1 Case,Pack contents unspecified
6c71f28e-42f6-4624-a999-9c0eb87795a7,TARTS CHOC MOUSSE mini,Vendor Prepared Items,ea,1,1/1 Case,Pack contents unspecified
769a1e28-53e7-46f2-ad2c-1b9c844038e5,TARTS CREME BRULEE mini,Vendor Prepared Items,ea,1,1/1 Case,Pack contents unspecified
e818b837-9fac-4143-990a-7eb69be817eb,TAYLOR DRY SHERRY,Wine,ea,1,1/1 Case,Pack contents unspecified
79c33ada-9884-4a52-8da5-ca49db964c72,TEA TWININGS DCF ENG BRKFST 6/,No Account,ea,1,1/1 Case,Pack contents unspecified
816f766a-c8cb-4786-8dae-f08b8223e588,TEA TWININGS ENGLISH BRKFST 6/,Non-Alcoholic Beverages,ea,1,1/1 Case | 1/25 EA,Conflicting source packs
caa5ea85-0959-478b-9894-939453604e8b,TEA TWININGS LEMON & GINGER 6/,Non-Alcoholic Beverages,ea,1,1/1 Case,Pack contents unspecified
7918ce71-e36a-4b1c-b874-40473157fe31,TURTLE CHEESECAKE CUT 12,Vendor Prepared Items,ea,1,1/1 Case,Pack contents unspecified
114eec06-b2b0-4bcb-8b28-e29361d167af,Tanqueray Mini,Liquor,ea,120,12/10 Case,Pack contents unspecified
1d38a395-a3d1-42a1-a755-e494a96a38c4,Tart Shell Choc RN LG,Dry Goods,ea,1,1/1 Case,Pack contents unspecified
0a72a87c-7cec-4716-a8e0-ab6656d57a9f,Thyme whole,Dry Goods,ea,1,1/1 Case,Pack contents unspecified
b1bfe3e9-5ca7-42a8-84e3-3574e155359b,Titos,Liquor,ea,1,0/0 LT,Source unit or pack geometry needs review
c4b9b2ab-02e3-4640-8569-75e8f080101d,Titos Mini,Liquor,ea,60,12/5 Case,Pack contents unspecified
512f9b4b-fd6a-4a23-9dcc-481222671d9b,Tofu - Firm,Dry Goods,oz,228,12/16 OZ | 12/19 OZ,Conflicting source packs
2c9f7a4d-3d23-4b74-b9e0-a9b75bea9c2b,Tomato - Canned - Diced,Dry Goods,oz,613.76697,6/111 OZ | 6/2.9 KG,Conflicting source packs
e797a4aa-ab7f-4aa2-9a00-b2ea9771224c,Tomato Fried Green,Produce,oz,192,1/1 LB | 6/2 LB,Conflicting source packs
b0d10833-f1f4-4f4b-a400-9174262c6753,Traverse City - Cherry Whisky,Liquor,ea,1,1/1 Case,Pack contents unspecified
ab085b7e-968f-489a-8441-5d5267a2378b,Tuna,Seafood,oz,160,1/1 LB | 1/10 LB,Conflicting source packs
b691f42e-cdc2-4cb9-9feb-c86fcb2de846,Vegan tart shell,Dry Goods,ea,1,1/1 Case,Pack contents unspecified
386d2091-e791-4d21-bb75-03b764b11888,Vegan tart shell lg,Dry Goods,ea,1,1/1 Case,Pack contents unspecified
d79188a3-8046-4c97-89c9-58c85ba256c1,Vegetable Blends/Medley's,Vendor Prepared Items,oz,384,12/32 OZ | 6/4 LB,Conflicting source packs
686b2d0b-7852-40fe-ae11-2e7c75945858,Veggie Burger,Vendor Prepared Items,oz,159.5,29/5.5 OZ | 32/6 OZ,Conflicting source packs
f65ce3b2-2d2b-4135-9e8f-762daacc3973,Vinegar - Sherry,Dry Goods,oz,25.4,1/1 750ML | 1/25.4 OZ,Conflicting source packs
6a692dad-2319-42ec-a46e-05707e394fbe,WHOLESALE ITEM:MORNING SUNRISE - 10OZ. BOTTLE - SINGLE,Non-Alcoholic Beverages,ea,1,1/1 Case,Pack contents unspecified
8f753c73-6692-4f46-a339-4195cf27d1ba,WHOLESALE ITEM:WAHOO ORANGE - 10OZ. BOTTLE - SINGLE,Non-Alcoholic Beverages,ea,1,1/1 Case,Pack contents unspecified
169bbdc8-cbfd-434f-ad50-51c3846747aa,White bread,Bread,ea,1,1/1 Case,Pack contents unspecified
496f8291-fe7d-4605-9749-ce25e5d876b3,XTRA BROAD NOODLES,Dry Goods,ea,1,1/1 Case,Pack contents unspecified
4a041460-67e5-47c1-9a71-1b5fc1496331,guinness zero,Alcohol,ea,1,0/0 EA,Source unit or pack geometry needs review
5dbebef5-c668-47e9-8e07-13ca19024e32,raw clams,Seafood,oz,16,1/1 LB | 10/1 LB,Conflicting source packs
7734d316-0947-4b52-bd05-aab427c2b26a,shortening cube,Dry Goods,ea,50,1/50 Case,Pack contents unspecified
dc90f21e-a251-4d1f-bc3e-f73fd27b1788,tart shell graham round mini,Dry Goods,ea,1,1/1 Case,Pack contents unspecified
