item_id,item_name,review_group,priority,disposition,current_count_method,canonical_unit,snapshot_case_quantity,live_case_quantity,snapshot_source_packs,live_source_code_and_pack,live_vendor_pack_evidence,historical_invoice_lines_in_app,earlier_Harvills_invoice_triage_not_in_app,saved_count_lines,saved_count_lines_with_parts,saved_part_details,saved_line_unit_mismatch,latest_approved_import_date,latest_import_source_tiers,fact_needed_or_safe_next_step
6d75b0d6-e90f-44c8-9bd5-de9457e6c378,Anniversary Chocolate,8 saved-count holds,1,Hold: historical count-unit interpretation,? ea/package × ? packages/case; label=package,ea,1,1,1/1 Case,ALT|anniversary chocolate|case=1|inner=1|base=null|unit=case:1/1 Case,,0,,2,1,2026-07-31(2026-07-31) 0.75 ea [C 0 P 0.75 L 0],,2026-07-31,no-code row 5084: 0 Case + 0.75 Pack + 0 Case => 0.75,Interpret each July imported Case/Pack/third-tier source count and the saved case/container/loose parts; confirm which represent fractional whole cases versus inner pieces. May enable current whole-case counting only after separately preserving and flagging old lines.
832f40cc-032b-44ff-a0b6-52e66eaf344c,Apples - Red Delicious,64 conflicting packs,3,Hold: alternate source/vendor pack totals,? ea/package × ? packages/case; label=package,ea,40,40,1/40 EA | 1/72 EA,11017:1/72 EA ; ALT|CODE=11017|apples red delicious|case=1|inner=72|base=1|unit=ea:1/72 EA ; ALT|CODE=APPRD88HF|apples red delicious|case=1|inner=40|base=1|unit=ea:1/40 EA ; APPRD88HF:1/40 EA,"Mr. Green's Produce / no SKU: verified 72 ea/purchase, case 72, inner 1, packUOM EA; source no bound mapping ; Harvill's Produce Co., Inc. / no SKU: verified 40 ea/purchase, case 40, inner 1, packUOM EA; source no bound mapping",0,,6,3,2026-07-31(2026-07-31) 4 ea [C 0 P 0 L 4] ; 2026-07-31(2026-07-31) 36 ea [C 0.5 P 0 L 0] ; 2026-07-31(2026-07-31) 6 ea [C 0 P 0 L 6],,2026-07-31,11017 row 2499: 0 Case + 0 Pack + 6 EA => 6 ; 11017 row 3332: 0.5 Case + 0 Pack + 0 EA => 36 ; 11017 row 4143: 0 Case + 0 Pack + 4 EA => 4,Which vendor/SKU and pack is the current standard for counting? Confirm physical container size and count per case and reconcile the answer with the stored canonical case quantity; preserve older vendor packs/counts.
f3b9bcc7-b4b9-42c3-9429-c9c156cd7169,Apricot - Dried,64 conflicting packs,3,Hold: alternate source/vendor pack totals,? oz/package × ? packages/case; label=package,oz,160,160,1/10 LB | 1/5 LB,62450:1/10 LB ; ALT|CODE=62450|apricot dried|case=1|inner=10|base=1|unit=lb:1/10 LB ; ALT|apricot dried|case=1|inner=5|base=1|unit=lb:1/5 LB,"Harvill's Produce Co., Inc. / no SKU: verified 80 oz/purchase, case 5, inner 16, packUOM OZ; source no bound mapping ; Mr. Green's Produce / no SKU: verified 160 oz/purchase, case 10, inner 16, packUOM OZ; source no bound mapping",0,1/5 POUND; 2 lines; latest 2026-07-17,2,1,2026-07-31(2026-07-31) 7.5 oz [C 1.5 P 0 L 0],,2026-07-31,APRDRY row 4771: 1.5 Case + 0 Pack + 0 LB => 7.5,"Which vendor/SKU and pack is the current standard for counting? Confirm physical container size and count per case and reconcile the answer with the stored canonical case quantity; preserve older vendor packs/counts. The earlier Harvill invoice triage is historical purchase evidence, not current operator approval."
69163edf-e544-4903-aa69-70df7476bcd6,Artichoke - Hearts,64 conflicting packs,3,Hold: alternate source/vendor pack totals,? oz/package × ? packages/case; label=package,oz,634.93134,634.93134,1/3 KG | 6/3 KG,158015:6/3 KG ; 4093373:1/3 KG ; ALT|CODE=158015|artichoke hearts|case=6|inner=3|base=1|unit=kg:6/3 KG ; ALT|CODE=4093373|artichoke hearts|case=1|inner=3|base=1|unit=kg:1/3 KG,"Sysco / no SKU: verified 105.82188585 oz/purchase, case 3, inner 35.27396, packUOM OZ; source no bound mapping ; Cheney Brothers / no SKU: verified 634.9313151 oz/purchase, case 18, inner 35.27396, packUOM OZ; source no bound mapping",0,,2,1,2026-07-31(2026-07-31) 1.5 oz [C 0.5 P 0 L 0],,2026-07-31,4093373 row 4773: 0.5 Case + 0 Pack + 0 KG => 1.5,Which vendor/SKU and pack is the current standard for counting? Confirm physical container size and count per case and reconcile the answer with the stored canonical case quantity; preserve older vendor packs/counts.
f84cd047-ef9b-4b18-80b6-8f17033f493a,Arugula,64 conflicting packs,3,Hold: alternate source/vendor pack totals,? oz/package × ? packages/case; label=package,oz,48,48,1/1.5 LB | 2/1.5 LB,21000:2/1.5 LB ; ALT|CODE=21000|arugula|case=2|inner=1.5|base=1|unit=lb:2/1.5 LB ; ALT|CODE=HERBARR15|arugula|case=1|inner=1.5|base=1|unit=lb:1/1.5 LB ; HERBARR15:1/1.5 LB,"Harvill's Produce Co., Inc. / no SKU: verified 24 oz/purchase, case 1.5, inner 16, packUOM OZ; source no bound mapping ; Mr. Green's Produce / no SKU: verified 48 oz/purchase, case 3, inner 16, packUOM OZ; source no bound mapping",0,,3,1,2026-07-31(2026-07-31) 2.25 oz [C 1.5 P 0 L 0],,2026-07-31,HERBARR15 row 3333: 1.5 Case + 0 Pack + 0 LB => 2.25 ; HERBARR15 row 4144: 0 Case + 0 Pack + 0 LB => 0,Which vendor/SKU and pack is the current standard for counting? Confirm physical container size and count per case and reconcile the answer with the stored canonical case quantity; preserve older vendor packs/counts.
e5e23d06-d348-43bd-af0d-1f74b255424d,Asst Lays Chips,64 conflicting packs,3,Existing development bag-count setup; historical 30-each case lines held,1 ea/package × 60 packages/case; label=bag,ea,60,60,1/30 EA | 1/60 EA,10181414:1/30 EA ; 6586721:1/60 EA ; ALT|CODE=10181414|asst lays chips|case=1|inner=30|base=1|unit=ea:1/30 EA ; ALT|CODE=6586721|asst lays chips|case=1|inner=60|base=1|unit=ea:1/60 EA,"Cheney Brothers / no SKU: verified 30 ea/purchase, case 30, inner 1, packUOM EA; source no bound mapping ; Sysco / no SKU: verified 60 ea/purchase, case 60, inner 1, packUOM EA; source no bound mapping",0,,8,3,2026-07-31(2026-07-31) 30 ea [C 1 P 0 L 0] ; 2026-07-31(2026-07-31) 30 ea [C 1 P 0 L 0] ; 2026-07-31(2026-07-31) 30 ea [C 1 P 0 L 0],,2026-07-31,10181414 row 2304: 0 Case + 0 Pack + 0 EA => 0 ; 10181414 row 2501: 1 Case + 0 Pack + 0 EA => 30 ; 10181414 row 2848: 0 Case + 0 Pack + 0 EA => 0 ; 10181414 row 4145: 1 Case + 0 Pack + 0 EA => 30 ; 10181414 row 4774: 1 Case + 0 Pack + 0 EA => 30,Reconfirm the earlier staff-reported 60 bags as current standard and reconcile three July lines each saved as 1 case/30 EA; do not recast them as 60-EA cases.
8a201862-c42d-41b9-8919-378257e34a5d,Avocado,64 conflicting packs,3,Hold: alternate source/vendor pack totals,? ea/package × ? packages/case; label=package,ea,24,24,1/24 EA | 1/54 EA,16005:1/24 EA ; ALT|CODE=16005|avocado|case=1|inner=24|base=1|unit=ea:1/24 EA ; ALT|avocado|case=1|inner=54|base=1|unit=ea:1/54 EA,"Harvill's Produce Co., Inc. / no SKU: verified 54 ea/purchase, case 54, inner 1, packUOM EA; source no bound mapping ; Mr. Green's Produce / no SKU: verified 24 ea/purchase, case 24, inner 1, packUOM EA; source no bound mapping",0,,2,0,,,2026-06-30,avo48 row 3313: 2 Case + 0 Pack + 0 EA => 108 ; avo48 row 3912: 0.3 Case + 0 Pack + 0 EA => 16.2,Which vendor/SKU and pack is the current standard for counting? Confirm physical container size and count per case and reconcile the answer with the stored canonical case quantity; preserve older vendor packs/counts.
22fa2ae0-8e78-481b-9ac8-e31c6fe00795,BBQ KC Masterpeice,64 conflicting packs,3,"Hold: equal totals, differing physical inner packs",? ml/package × ? packages/case; label=package,ml,15141.64,15141.64,1/4 GAL | 4/1 GAL,056055:4/1 GAL ; 5663695:1/4 GAL ; ALT|CODE=056055|bbq kc masterpeice|case=4|inner=1|base=1|unit=gal:4/1 GAL ; ALT|CODE=5663695|bbq kc masterpeice|case=1|inner=4|base=1|unit=gal:1/4 GAL,"Cheney Brothers / no SKU: verified 15141.64 ml/purchase, case 4, inner 3785.41, packUOM ML; source no bound mapping ; Sysco / no SKU: verified 15141.64 ml/purchase, case 4, inner 3785.41, packUOM ML; source no bound mapping",0,,8,4,2026-07-31(2026-07-31) 1.2 ml [C 0.3 P 0 L 0] ; 2026-07-31(2026-07-31) 1 ml [C 0 P 0 L 1] ; 2026-07-31(2026-07-31) 1 ml [C 0.25 P 0 L 0] ; 2026-07-31(2026-07-31) 2 ml [C 0.5 P 0 L 0],,2026-07-31,5663695 row 3563: 0.3 Case + 0 Pack + 0 GAL => 1.2 ; 5663695 row 3949: 0 Case + 0 Pack + 1 GAL => 1 ; 5663695 row 4154: 0.25 Case + 0 Pack + 0 GAL => 1 ; 5663695 row 4742: 0.5 Case + 0 Pack + 0 GAL => 2,"Both source notations have compatible total, but confirm the number and size of physical countable packages in the current case; check saved count parts before any setup."
9fd6c5d0-35f0-4496-afd7-f6fa1ccc2366,BEEF EMPANADA,64 conflicting packs,3,Hold: alternate source/vendor pack totals,? ea/package × ? packages/case; label=package,ea,100,100,1/100 EA | 1/30 EA,10170050:1/30 EA ; 6919955:1/100 EA ; ALT|CODE=10170050|beef empanada|case=1|inner=30|base=1|unit=ea:1/30 EA ; ALT|CODE=6919955|beef empanada|case=1|inner=100|base=1|unit=ea:1/100 EA,"Sysco / no SKU: verified 100 ea/purchase, case 100, inner 1, packUOM EA; source no bound mapping ; Cheney Brothers / no SKU: verified 30 ea/purchase, case 30, inner 1, packUOM EA; source no bound mapping",0,,2,1,2026-07-31(2026-07-31) 120 ea [C 4 P 0 L 0],,2026-07-31,10170050 row 3210: 4 Case + 0 Pack + 0 EA => 120,Which vendor/SKU and pack is the current standard for counting? Confirm physical container size and count per case and reconcile the answer with the stored canonical case quantity; preserve older vendor packs/counts.
1ae6fc37-653d-4096-af72-0379a68c58ad,BIALE ZINFANDEL BLACK CHICKEN,8 saved-count holds,1,Hold: historical count-unit interpretation,? ea/package × ? packages/case; label=package,ea,1,1,1/1 Case,30336484:1/1 Case ; ALT|CODE=30336484|biale zinfandel black chicken|case=1|inner=1|base=null|unit=case:1/1 Case,"Winebow / no SKU: incomplete ? ea/purchase, case 1, inner 1, packUOM CASE; source no bound mapping",0,,3,1,2026-07-31(2026-07-31) 0.25 ea [C 0 P 0 L 0.25],,2026-07-31,30336484 row 102: 0 Case + 0 Pack + 0 Case => 0 ; 30336484 row 1214: 0 Case + 0 Pack + 0.25 Case => 0.25,Interpret each July imported Case/Pack/third-tier source count and the saved case/container/loose parts; confirm which represent fractional whole cases versus inner pieces. May enable current whole-case counting only after separately preserving and flagging old lines.
2430d0c3-9041-4987-a9d6-6d6c0d88424c,BONNE-MAMAN HONEY MINI,64 conflicting packs,3,Source-supported each-count candidate; not approved to apply,? ea/package × ? packages/case; label=package,ea,60,60,1/60 EA | 60/1 EA,104060:60/1 EA ; 66206:1/60 EA ; ALT|CODE=104060|bonne maman honey mini|case=60|inner=1|base=1|unit=ea:60/1 EA ; ALT|CODE=66206|bonne maman honey mini|case=1|inner=60|base=1|unit=ea:1/60 EA,"Cheney Brothers / no SKU: verified 60 ea/purchase, case 60, inner 1, packUOM EA; source no bound mapping ; Mr. Green's Produce / no SKU: verified 60 ea/purchase, case 60, inner 1, packUOM EA; source no bound mapping",0,,4,2,2026-07-31(2026-07-31) 180 ea [C 3 P 0 L 0] ; 2026-07-31(2026-07-31) 120 ea [C 2 P 0 L 0],,2026-07-31,104060 row 4858: 2 Case + 0 Pack + 0 EA => 120 ; 104060 row 5483: 3 Case + 0 Pack + 0 EA => 180,Confirm one countable EA is one individual item and today's standard case is 60 such items; keep older lines unchanged.
6f29f473-0934-4677-8dd9-10a601367897,Bacardi Mini,13 other opaque Case packs,4,Hold: other Case notation lacks physical content,? ea/package × ? packages/case; label=package,ea,120,120,12/10 Case,ALT|bacardi mini|case=12|inner=10|base=1|unit=ea:12/10 Case,,0,,5,2,2026-07-31(2026-07-31) 12 ea [C 0 P 0 L 12] ; 2026-07-31(2026-07-31) 28 ea [C 0 P 0 L 28],,2026-07-31,no-code row 70: 0 Case + 0 Pack + 0 Case => 0 ; no-code row 2502: 0 Case + 0 Pack + 28 Case => 28 ; no-code row 2849: 0 Case + 0 Pack + 12 Case => 12,"Confirm whether source Case refers to a complete stock unit, an inner case, or countable pieces; supply physical inner quantity/unit and current standard case composition. Do not extend the 1/1 Case decision."
10583111-5a8e-4e29-a610-70b417cb023d,Banana Peppers,64 conflicting packs,3,Hold: alternate source/vendor pack totals,? ml/package × ? packages/case; label=package,ml,3785.41,3785.41,1/1 GAL | 4/1 GAL,122028:4/1 GAL ; 8425001:1/1 GAL ; ALT|CODE=122028|banana peppers|case=4|inner=1|base=1|unit=gal:4/1 GAL ; ALT|CODE=8425001|banana peppers|case=1|inner=1|base=1|unit=gal:1/1 GAL,"Sysco / no SKU: verified 3785.41 ml/purchase, case 1, inner 3785.41, packUOM ML; source no bound mapping ; Cheney Brothers / no SKU: verified 15141.64 ml/purchase, case 4, inner 3785.41, packUOM ML; source no bound mapping",0,,6,4,2026-07-31(2026-07-31) 1 ml [C 0.25 P 0 L 0] ; 2026-07-31(2026-07-31) 1 ml [C 0 P 0 L 1] ; 2026-07-31(2026-07-31) 3 ml [C 0.75 P 0 L 0] ; 2026-08-31(manual) 18927.05 ml [C 3 P 2 L 0],,2026-07-31,122028 row 3560: 0.25 Case + 0 Pack + 0 GAL => 1 ; 122028 row 3945: 0 Case + 0 Pack + 1 GAL => 1 ; 122028 row 4780: 0.75 Case + 0 Pack + 0 GAL => 3,Which vendor/SKU and pack is the current standard for counting? Confirm physical container size and count per case and reconcile the answer with the stored canonical case quantity; preserve older vendor packs/counts.
d03320f3-b085-4fe7-b958-02d0171b9936,Beef - Bratwurst,64 conflicting packs,3,"Hold: equal totals, differing physical inner packs",? oz/package × ? packages/case; label=package,oz,160,160,1/10 LB | 40/4 OZ,1044429:40/4 OZ ; 8745838:1/10 LB ; ALT|CODE=1044429|beef bratwurst|case=40|inner=4|base=1|unit=oz:40/4 OZ ; ALT|CODE=8745838|beef bratwurst|case=1|inner=10|base=1|unit=lb:1/10 LB,"Sysco / no SKU: verified 160 oz/purchase, case 10, inner 16, packUOM OZ; source no bound mapping",0,,1,0,,,2026-07-31,8745838 row 3566: 0 Case + 0 Pack + 0 LB => 0,"Both source notations have compatible total, but confirm the number and size of physical countable packages in the current case; check saved count parts before any setup."
9c951339-7cfb-48bb-b147-38e63f856370,Beef - Ground,64 conflicting packs,3,Hold: alternate source/vendor pack totals,? oz/package × ? packages/case; label=package,oz,16,16,1/1 LB | 2/10 LB,0566838:1/1 LB ; 10031060:2/10 LB ; ALT|CODE=0566838|beef ground|case=1|inner=1|base=1|unit=lb:1/1 LB ; ALT|CODE=10031060|beef ground|case=2|inner=10|base=1|unit=lb:2/10 LB,"Sysco / no SKU: verified 16 oz/purchase, case 1, inner 16, packUOM OZ; source no bound mapping ; Cheney Brothers / no SKU: verified 320 oz/purchase, case 20, inner 16, packUOM OZ; source no bound mapping",0,,4,2,2026-07-31(2026-07-31) 120 oz [C 0 P 0 L 120] ; 2026-07-31(2026-07-31) 40 oz [C 2 P 0 L 0],,2026-07-31,10031060 row 3135: 2 Case + 0 Pack + 0 LB => 40 ; 10031060 row 3577: 0 Case + 0 Pack + 120 LB => 120,Which vendor/SKU and pack is the current standard for counting? Confirm physical container size and count per case and reconcile the answer with the stored canonical case quantity; preserve older vendor packs/counts.
813b8141-3b23-4656-93d1-ab2d46eb4e0e,Beef - Skirt Steak,64 conflicting packs,3,Hold: alternate source/vendor pack totals,? oz/package × ? packages/case; label=package,oz,16,16,1/1 LB | 24/8 OZ,09-21515:1/1 LB ; 1802505:24/8 OZ ; ALT|CODE=09-21515|beef skirt steak|case=1|inner=1|base=1|unit=lb:1/1 LB ; ALT|CODE=1802505|beef skirt steak|case=24|inner=8|base=1|unit=oz:24/8 OZ,"Halperns / no SKU: verified 16 oz/purchase, case 1, inner 16, packUOM OZ; source no bound mapping ; Sysco / no SKU: verified 192 oz/purchase, case 192, inner 1, packUOM OZ; source no bound mapping",0,,1,0,,,2026-07-31,1802505 row 3588: 0 Case + 0 Pack + 0 OZ => 0,Which vendor/SKU and pack is the current standard for counting? Confirm physical container size and count per case and reconcile the answer with the stored canonical case quantity; preserve older vendor packs/counts.
514726fa-1c16-4dbe-8bb8-c01fc478b739,Bunny Luv BB Carrots,64 conflicting packs,2,Hold: opaque Case versus measurable pack,? oz/package × ? packages/case; label=package,oz,240,240,1/1 Case | 1/15 LB,ALT|CODE=CARCB30HF|bunny luv bb carrots|case=1|inner=15|base=1|unit=lb:1/15 LB ; ALT|CODE=CARCB30HF|bunny luv bb carrots|case=1|inner=1|base=null|unit=case:1/1 Case ; CARCB30HF:1/15 LB,"Harvill's Produce Co., Inc. / no SKU: verified 240 oz/purchase, case 15, inner 16, packUOM OZ; source no bound mapping",0,,2,1,2026-07-31(2026-07-31) 15 oz [C 1 P 0 L 0],,2026-07-31,CARCB30HF row 3356: 1 Case + 0 Pack + 0 LB => 15,"Confirm whether the Case denotes the entire stock unit or the measured alternate; identify current vendor/SKU, physical count unit and full-case total, reconciling it to the canonical unit/case quantity."
03177798-b8f5-49ef-93d9-ee2adb89d53c,CAMILLE DE LABRIE 2020 (6PK) 91-93JS,64 conflicting packs,2,Hold: opaque Case versus measurable pack,? ml/package × ? packages/case; label=package,ml,4500,4500,1/1 Case | 6/1 750ML,2703:6/1 750ML ; ALT|CODE=2703|camille de labrie 2020 6pk 91 93js|case=1|inner=1|base=null|unit=case:1/1 Case ; ALT|CODE=2703|camille de labrie 2020 6pk 91 93js|case=6|inner=1|base=750|unit=ml:6/1 750ML,"Terroir Selections / no SKU: verified 4500 ml/purchase, case 6, inner 750, packUOM ML; source no bound mapping",0,,7,3,2026-07-31(2026-07-31) 3 ml [C 0 P 0 L 3] ; 2026-07-31(2026-07-31) 1 ml [C 0 P 0 L 1] ; 2026-07-31(2026-07-31) 5 ml [C 0 P 0 L 5],,2026-07-31,2703 row 179: 0 Case + 0 Pack + 5 Case => 5 ; 2703 row 1234: 0 Case + 0 Pack + 1 Case => 1 ; 2703 row 1606: 0 Case + 0 Pack + 3 Case => 3 ; 2703 row 2066: 0 Case + 0 Pack + 0 Case => 0,"Confirm whether the Case denotes the entire stock unit or the measured alternate; identify current vendor/SKU, physical count unit and full-case total, reconciling it to the canonical unit/case quantity."
ebc6688b-fe9b-4f2e-b12f-7ef33b6c5a3e,CAPPUCCINO CREAMER Busy bean,8 saved-count holds,1,Hold: historical count-unit interpretation,? ea/package × ? packages/case; label=package,ea,1,1,1/1 Case,30001:1/1 Case ; ALT|CODE=30001|cappuccino creamer busy bean|case=1|inner=1|base=null|unit=case:1/1 Case,"Busy Bean Coffee / no SKU: incomplete ? ea/purchase, case 1, inner 1, packUOM CASE; source no bound mapping",0,,6,2,2026-07-31(2026-07-31) 4 ea [C 4 P 0 L 0] ; 2026-07-31(2026-07-31) 1 ea [C 0 P 1 L 0],,2026-07-31,30001 row 1809: 0 Case + 0 Pack + 0 Case => 0 ; 30001 row 3968: 0 Case + 1 Pack + 0 Case => 1 ; 30001 row 4547: 4 Case + 0 Pack + 0 Case => 4 ; 30001 row 5285: 0 Case + 0 Pack + 0 Case => 0,Interpret each July imported Case/Pack/third-tier source count and the saved case/container/loose parts; confirm which represent fractional whole cases versus inner pieces. May enable current whole-case counting only after separately preserving and flagging old lines.
bd2ab004-71f3-4933-8a79-984ca010bf1f,"CURVED GREEN PETALS DUO, WHITE CHOCOLATE, 160 PCS",8 saved-count holds,1,Hold: historical count-unit interpretation,? ea/package × ? packages/case; label=package,ea,1,1,1/1 Case,6261660000:1/1 Case ; ALT|CODE=6261660000|curved green petals duo white chocolate 160 pcs|case=1|inner=1|base=null|unit=case:1/1 Case,"AUI Fine Foods / no SKU: incomplete ? ea/purchase, case 1, inner 1, packUOM CASE; source no bound mapping",0,,2,1,2026-07-31(2026-07-31) 0.5 ea [C 0 P 0.5 L 0],,2026-07-31,6261660000 row 5148: 0 Case + 0.5 Pack + 0 Case => 0.5,Interpret each July imported Case/Pack/third-tier source count and the saved case/container/loose parts; confirm which represent fractional whole cases versus inner pieces. May enable current whole-case counting only after separately preserving and flagging old lines.
f16087c9-fb87-4d67-a253-621a31611824,Cabbage - Red,64 conflicting packs,3,Hold: alternate source/vendor pack totals,? oz/package × ? packages/case; label=package,oz,160,160,1/1 LB | 1/10 LB,20260:1/10 LB ; ALT|CODE=20260|cabbage red|case=1|inner=10|base=1|unit=lb:1/10 LB ; ALT|cabbage red|case=1|inner=1|base=1|unit=lb:1/1 LB,"Harvill's Produce Co., Inc. / no SKU: verified 16 oz/purchase, case 1, inner 16, packUOM OZ; source no bound mapping ; Mr. Green's Produce / no SKU: verified 160 oz/purchase, case 10, inner 16, packUOM OZ; source no bound mapping",0,1/1 POUND; 1 line; latest 2026-07-10,4,2,2026-07-31(2026-07-31) 5 oz [C 5 P 0 L 0] ; 2026-07-31(2026-07-31) 2 oz [C 0 P 2 L 0],,2026-07-31,CABRDLB row 3359: 5 Case + 0 Pack + 0 LB => 5 ; CABRDLB row 4169: 0 Case + 2 Pack + 0 LB => 2,"Which vendor/SKU and pack is the current standard for counting? Confirm physical container size and count per case and reconcile the answer with the stored canonical case quantity; preserve older vendor packs/counts. The earlier Harvill invoice triage is historical purchase evidence, not current operator approval."
5413aa19-e7a0-4681-9552-88b9386ee1e8,Cabbage - Slaw Mix,64 conflicting packs,3,Hold: alternate source/vendor pack totals,? oz/package × ? packages/case; label=package,oz,128,128,4/2 LB | 4/5 LB,35004:4/5 LB ; 4966146:4/2 LB ; ALT|CODE=35004|cabbage slaw mix|case=4|inner=5|base=1|unit=lb:4/5 LB ; ALT|CODE=4966146|cabbage slaw mix|case=4|inner=2|base=1|unit=lb:4/2 LB,"Sysco / no SKU: verified 128 oz/purchase, case 8, inner 16, packUOM OZ; source no bound mapping ; Mr. Green's Produce / no SKU: verified 320 oz/purchase, case 20, inner 16, packUOM OZ; source no bound mapping",0,,3,1,2026-07-31(2026-07-31) 4 oz [C 0.5 P 0 L 0],,2026-07-31,4966146 row 3621: 0.5 Case + 0 Pack + 0 LB => 4 ; 4966146 row 4170: 0 Case + 0 Pack + 0 LB => 0,Which vendor/SKU and pack is the current standard for counting? Confirm physical container size and count per case and reconcile the answer with the stored canonical case quantity; preserve older vendor packs/counts.
e7619430-991a-46b2-947e-5ce6e4721998,Captain Morgan Mini,13 other opaque Case packs,4,Hold: other Case notation lacks physical content,? ea/package × ? packages/case; label=package,ea,120,120,12/10 Case,ALT|captain morgan mini|case=12|inner=10|base=1|unit=ea:12/10 Case,,0,,5,2,2026-07-31(2026-07-31) 12 ea [C 0 P 0 L 12] ; 2026-07-31(2026-07-31) 64 ea [C 0 P 0 L 64],,2026-07-31,no-code row 191: 0 Case + 0 Pack + 0 Case => 0 ; no-code row 2516: 0 Case + 0 Pack + 64 Case => 64 ; no-code row 2860: 0 Case + 0 Pack + 12 Case => 12,"Confirm whether source Case refers to a complete stock unit, an inner case, or countable pieces; supply physical inner quantity/unit and current standard case composition. Do not extend the 1/1 Case decision."
676086e8-3368-4692-a429-a240c5284efd,Casamigos Mini,13 other opaque Case packs,4,Hold: other Case notation lacks physical content,? ea/package × ? packages/case; label=package,ea,60,60,5/12 Case,ALT|casamigos mini|case=5|inner=12|base=1|unit=ea:5/12 Case,,0,,5,2,2026-07-31(2026-07-31) 75 ea [C 0 P 0 L 75] ; 2026-07-31(2026-07-31) 12 ea [C 0 P 0 L 12],,2026-07-31,no-code row 203: 0 Case + 0 Pack + 0 Case => 0 ; no-code row 2518: 0 Case + 0 Pack + 75 Case => 75 ; no-code row 2862: 0 Case + 0 Pack + 12 Case => 12,"Confirm whether source Case refers to a complete stock unit, an inner case, or countable pieces; supply physical inner quantity/unit and current standard case composition. Do not extend the 1/1 Case decision."
b7d1e7af-ebb1-410f-96da-f2e7e9b52d6c,Celery,64 conflicting packs,3,Hold: alternate source/vendor pack totals,? ea/package × ? packages/case; label=package,ea,36,36,1/15 EA | 1/36 EA,20360:1/15 EA ; ALT|CODE=20360|celery|case=1|inner=15|base=1|unit=ea:1/15 EA ; ALT|celery|case=1|inner=36|base=1|unit=ea:1/36 EA,"Mr. Green's Produce / no SKU: verified 15 ea/purchase, case 15, inner 1, packUOM EA; source no bound mapping ; Harvill's Produce Co., Inc. / no SKU: verified 36 ea/purchase, case 36, inner 1, packUOM EA; source no bound mapping",0,1/18 and 1/36 EACH; 6 lines; latest 2026-07-31,6,3,2026-07-31(2026-07-31) 54 ea [C 1.5 P 0 L 0] ; 2026-07-31(2026-07-31) 2 ea [C 0 P 0 L 2] ; 2026-07-31(2026-07-31) 3.6 ea [C 0.1 P 0 L 0],,2026-07-31,cel36 row 1816: 0.1 Case + 0 Pack + 0 EA => 3.6 ; cel36 row 3371: 1.5 Case + 0 Pack + 0 EA => 54 ; cel36 row 3971: 0 Case + 0 Pack + 2 EA => 2,"Which vendor/SKU and pack is the current standard for counting? Confirm physical container size and count per case and reconcile the answer with the stored canonical case quantity; preserve older vendor packs/counts. The earlier Harvill invoice triage is historical purchase evidence, not current operator approval."
1508bbda-a482-4d7c-80b3-93572b389e2d,Cheese - American Yellow Sliced,64 conflicting packs,3,Hold: alternate source/vendor pack totals,? oz/package × ? packages/case; label=package,oz,320,320,1/5 LB | 4/5 LB,164006:4/5 LB ; 5132234:1/5 LB ; ALT|CODE=164006|cheese american yellow sliced|case=4|inner=5|base=1|unit=lb:4/5 LB ; ALT|CODE=5132234|cheese american yellow sliced|case=1|inner=5|base=1|unit=lb:1/5 LB,"Sysco / no SKU: verified 80 oz/purchase, case 5, inner 16, packUOM OZ; source no bound mapping ; Cheney Brothers / no SKU: verified 320 oz/purchase, case 20, inner 16, packUOM OZ; source no bound mapping",0,,6,3,2026-07-31(2026-07-31) 5 oz [C 1 P 0 L 0] ; 2026-07-31(2026-07-31) 3 oz [C 0 P 0 L 3] ; 2026-07-31(2026-07-31) 22.5 oz [C 4.5 P 0 L 0],,2026-07-31,5132234 row 3377: 4.5 Case + 0 Pack + 0 LB => 22.5 ; 5132234 row 3972: 0 Case + 0 Pack + 3 LB => 3 ; 5132234 row 4179: 1 Case + 0 Pack + 0 LB => 5,Which vendor/SKU and pack is the current standard for counting? Confirm physical container size and count per case and reconcile the answer with the stored canonical case quantity; preserve older vendor packs/counts.
fb0c07ba-0e79-4abd-b204-8b4114f8cb5f,Cheese - Cheddar Mild Shredded,64 conflicting packs,3,Hold: alternate source/vendor pack totals,? oz/package × ? packages/case; label=package,oz,320,320,1/5 LB | 4/5 LB,2406163:1/5 LB ; 4118410:4/5 LB ; ALT|CODE=2406163|cheese cheddar mild shredded|case=1|inner=5|base=1|unit=lb:1/5 LB ; ALT|CODE=4118410|cheese cheddar mild shredded|case=4|inner=5|base=1|unit=lb:4/5 LB,"GFs Store / no SKU: verified 320 oz/purchase, case 20, inner 16, packUOM OZ; source no bound mapping ; Sysco / no SKU: verified 80 oz/purchase, case 5, inner 16, packUOM OZ; source no bound mapping",0,,1,0,,,2026-07-31,2406163 row 3635: 0 Case + 0 Pack + 0 LB => 0,Which vendor/SKU and pack is the current standard for counting? Confirm physical container size and count per case and reconcile the answer with the stored canonical case quantity; preserve older vendor packs/counts.
2299aba4-a13d-48a7-93a7-d4f6c4883433,Cheese - Cream Cheese,64 conflicting packs,3,Hold: alternate source/vendor pack totals,? oz/package × ? packages/case; label=package,oz,100,100,100/1 OZ | 6/3 LB,170047:100/1 OZ ; 3716750:6/3 LB ; ALT|CODE=170047|cheese cream cheese|case=100|inner=1|base=1|unit=oz:100/1 OZ ; ALT|CODE=3716750|cheese cream cheese|case=6|inner=3|base=1|unit=lb:6/3 LB,"Sysco / no SKU: verified 288 oz/purchase, case 18, inner 16, packUOM OZ; source no bound mapping ; Cheney Brothers / no SKU: verified 100 oz/purchase, case 100, inner 1, packUOM OZ; source no bound mapping",0,,2,1,2026-07-31(2026-07-31) 18 oz [C 1 P 0 L 0],,2026-07-31,3716750 row 3639: 1 Case + 0 Pack + 0 LB => 18,Which vendor/SKU and pack is the current standard for counting? Confirm physical container size and count per case and reconcile the answer with the stored canonical case quantity; preserve older vendor packs/counts.
530ffe84-5f03-4ebd-b7a0-41c293083fc3,Cheese - Swiss,64 conflicting packs,3,Hold: alternate source/vendor pack totals,? oz/package × ? packages/case; label=package,oz,16,16,1/1 LB | 2/5 LB,184018:1/1 LB ; 31376:2/5 LB ; ALT|CODE=184018|cheese swiss|case=1|inner=1|base=1|unit=lb:1/1 LB ; ALT|CODE=31376|cheese swiss|case=2|inner=5|base=1|unit=lb:2/5 LB,"Mr. Green's Produce / no SKU: verified 160 oz/purchase, case 10, inner 16, packUOM OZ; source no bound mapping ; Cheney Brothers / no SKU: verified 16 oz/purchase, case 1, inner 16, packUOM OZ; source no bound mapping",0,,6,3,2026-07-31(2026-07-31) 1 oz [C 0 P 0 L 1] ; 2026-07-31(2026-07-31) 3 oz [C 0 P 0 L 3] ; 2026-07-31(2026-07-31) 15 oz [C 1.5 P 0 L 0],,2026-07-31,31376 row 3394: 1.5 Case + 0 Pack + 0 LB => 15 ; 31376 row 3981: 0 Case + 0 Pack + 3 LB => 3 ; 31376 row 4183: 0 Case + 0 Pack + 1 LB => 1,Which vendor/SKU and pack is the current standard for counting? Confirm physical container size and count per case and reconcile the answer with the stored canonical case quantity; preserve older vendor packs/counts.
7f4629fb-68f5-4f7a-8f8b-fe4b0b34068d,Chicken - Drumsticks,64 conflicting packs,3,"Hold: equal totals, differing physical inner packs",? oz/package × ? packages/case; label=package,oz,640,640,1/40 LB | 4/10 LB,7114960:4/10 LB ; 7297842:1/40 LB ; ALT|CODE=7114960|chicken drumsticks|case=4|inner=10|base=1|unit=lb:4/10 LB ; ALT|CODE=7297842|chicken drumsticks|case=1|inner=40|base=1|unit=lb:1/40 LB,"Sysco / no SKU: verified 640 oz/purchase, case 40, inner 16, packUOM OZ; source no bound mapping",0,,1,0,,,2026-07-31,7297842 row 3668: 0 Case + 0 Pack + 0 LB => 0,"Both source notations have compatible total, but confirm the number and size of physical countable packages in the current case; check saved count parts before any setup."
1a774f54-8a64-4594-9477-45379b58a87b,Chocolate Chip Cookie Dough,64 conflicting packs,3,Hold: alternate source/vendor pack totals,? oz/package × ? packages/case; label=package,oz,360,360,1/80 EA | 80/4.5 OZ,308130:80/4.5 OZ ; 6673982:1/80 EA ; ALT|CODE=308130|chocolate chip cookie dough|case=80|inner=4.5|base=1|unit=oz:80/4.5 OZ ; ALT|CODE=6673982|chocolate chip cookie dough|case=1|inner=80|base=1|unit=ea:1/80 EA,"Cheney Brothers / no SKU: verified 360 oz/purchase, case 360, inner 1, packUOM OZ; source no bound mapping ; Sysco / no SKU: verified 80 oz/purchase, case 80, inner 1, packUOM EA; source no bound mapping",0,,3,1,2026-07-31(2026-07-31) 80 oz [C 1 P 0 L 0],,2026-07-31,6673982 row 2522: 0 Case + 0 Pack + 0 EA => 0 ; 6673982 row 3091: 1 Case + 0 Pack + 0 EA => 80,Which vendor/SKU and pack is the current standard for counting? Confirm physical container size and count per case and reconcile the answer with the stored canonical case quantity; preserve older vendor packs/counts.
eb396168-a806-4260-ab7f-6aa6d03d7809,Cod - Fillet,64 conflicting packs,3,Hold: alternate source/vendor pack totals,? oz/package × ? packages/case; label=package,oz,160,160,1/1 LB | 1/10 LB,5014893:1/10 LB ; 7036684:1/10 LB ; ALT|CODE=5014893|cod fillet|case=1|inner=10|base=1|unit=lb:1/10 LB ; ALT|CODE=7036684|cod fillet|case=1|inner=10|base=1|unit=lb:1/10 LB ; ALT|cod fillet|case=1|inner=1|base=1|unit=lb:1/1 LB,"Sysco / no SKU: verified 160 oz/purchase, case 10, inner 16, packUOM OZ; source no bound mapping ; Samuels and Son Seafood Company / no SKU: verified 16 oz/purchase, case 1, inner 16, packUOM OZ; source no bound mapping",0,,2,1,2026-07-31(2026-07-31) 30 oz [C 30 P 0 L 0],,2026-07-31,NORDIC COD LOINS SKINLESS 14OZ.+ row 3695: 30 Case + 0 Pack + 0 LB => 30,Which vendor/SKU and pack is the current standard for counting? Confirm physical container size and count per case and reconcile the answer with the stored canonical case quantity; preserve older vendor packs/counts.
aeb4321b-58b5-4b40-ab92-3639d9f63beb,Corona - Light - Bottled,64 conflicting packs,3,Source-supported each-count candidate; not approved to apply,? ea/package × ? packages/case; label=package,ea,24,24,1/24 EA | 24/1 EA,10163:24/1 EA ; 10164:1/24 EA ; ALT|CODE=10163|corona light bottled|case=24|inner=1|base=1|unit=ea:24/1 EA ; ALT|CODE=10164|corona light bottled|case=1|inner=24|base=1|unit=ea:1/24 EA,"Reyes Beer Division (PA) / no SKU: verified 24 ea/purchase, case 24, inner 1, packUOM EA; source no bound mapping",0,,6,1,2026-07-31(2026-07-31) 79 ea [C 3 P 0 L 7],,2026-07-31,10164 row 1627: 0 Case + 0 Pack + 0 EA => 0 ; 10164 row 1834: 0 Case + 0 Pack + 0 EA => 0 ; 10164 row 2090: 0 Case + 0 Pack + 0 EA => 0 ; 10164 row 2703: 0 Case + 0 Pack + 0 EA => 0 ; 10164 row 2818: 3 Case + 0 Pack + 7 EA => 79,Confirm one countable EA is one individual item and today's standard case is 24 such items; keep older lines unchanged.
cc340f68-814a-4bce-bb72-1c68330d3e7a,DRINK GATORADE G2 FRUIT PUNCH,64 conflicting packs,2,Hold: opaque Case versus measurable pack,? ea/package × ? packages/case; label=package,ea,1,1,1/1 Case | 1/24 EA,098019:1/1 Case ; ALT|CODE=098019|drink gatorade g2 fruit punch|case=1|inner=1|base=null|unit=case:1/1 Case ; ALT|CODE=098019|drink gatorade g2 fruit punch|case=1|inner=24|base=1|unit=ea:1/24 EA,"Cheney Brothers / no SKU: verified 24 ea/purchase, case 24, inner 1, packUOM EA; source no bound mapping",0,,1,0,,,2026-07-31,098019 row 4492: 0 Case + 0 Pack + 0 EA => 0,"Confirm whether the Case denotes the entire stock unit or the measured alternate; identify current vendor/SKU, physical count unit and full-case total, reconciling it to the canonical unit/case quantity."
a332725a-a831-4621-a1bb-fddc8dea7b96,DUCKHORN MERLOT NAPA VLY 22 75,8 saved-count holds,1,Hold: historical count-unit interpretation,? ea/package × ? packages/case; label=package,ea,1,1,1/1 Case,9744521:1/1 Case ; ALT|CODE=9744521|duckhorn merlot napa vly 22 75|case=1|inner=1|base=null|unit=case:1/1 Case,"Breakthru Beverage / no SKU: incomplete ? ea/purchase, case 1, inner 1, packUOM CASE; source no bound mapping",0,,4,2,2026-07-31(2026-07-31) 0.41 ea [C 0 P 0 L 0.41] ; 2026-07-31(2026-07-31) 1.25 ea [C 1.25 P 0 L 0],,2026-07-31,9744521 row 405: 1.25 Case + 0 Pack + 0 Case => 1.25 ; 9744521 row 1312: 0 Case + 0 Pack + 0.41 Case => 0.41,Interpret each July imported Case/Pack/third-tier source count and the saved case/container/loose parts; confirm which represent fractional whole cases versus inner pieces. May enable current whole-case counting only after separately preserving and flagging old lines.
272d3b97-e75c-4ce0-be69-bf1dc15f6cba,Deco Blooming heart,8 saved-count holds,1,Hold: historical count-unit interpretation,? ea/package × ? packages/case; label=package,ea,1,1,1/1 Case,ALT|deco blooming heart|case=1|inner=1|base=null|unit=case:1/1 Case,,0,,2,1,2026-07-31(2026-07-31) 0.5 ea [C 0 P 0.5 L 0],,2026-07-31,no-code row 5149: 0 Case + 0.5 Pack + 0 Case => 0.5,Interpret each July imported Case/Pack/third-tier source count and the saved case/container/loose parts; confirm which represent fractional whole cases versus inner pieces. May enable current whole-case counting only after separately preserving and flagging old lines.
3ca92b83-df13-4dc6-8096-9f0debbddf29,Demi-Glace,64 conflicting packs,3,Hold: alternate source/vendor pack totals,? ml/package × ? packages/case; label=package,ml,24605.178,24605.178,1/26 QT | 1/36 QT,ALT|demi glace|case=1|inner=26|base=1|unit=qt:1/26 QT ; ALT|demi glace|case=1|inner=36|base=1|unit=qt:1/36 QT,,0,,6,3,2026-07-31(2026-07-31) 19.5 ml [C 0.5 P 0 L 1.5] ; 2026-07-31(2026-07-31) 18 ml [C 0.5 P 0 L 0] ; 2026-07-31(2026-07-31) 2 ml [C 0 P 0 L 2],,2026-07-31,no-code row 2955: 0.5 Case + 0 Pack + 0 QT => 18 ; no-code row 4008: 0 Case + 0 Pack + 2 QT => 2 ; no-code row 4381: 0.5 Case + 0 Pack + 1.5 QT => 19.5,Which vendor/SKU and pack is the current standard for counting? Confirm physical container size and count per case and reconcile the answer with the stored canonical case quantity; preserve older vendor packs/counts.
bf7d61ea-6303-4949-9b35-cd37f8ab8521,Dijon PC,13 other opaque Case packs,4,Hold: other Case notation lacks physical content,? ea/package × ? packages/case; label=package,ea,200,200,1/200 Case,ALT|dijon pc|case=1|inner=200|base=1|unit=ea:1/200 Case,,0,,4,2,2026-07-31(2026-07-31) 50 ea [C 0 P 0.25 L 0] ; 2026-07-31(2026-07-31) 100 ea [C 0.5 P 0 L 0],,2026-07-31,no-code row 4202: 0 Case + 0.25 Pack + 0 Case => 50 ; no-code row 4645: 0.5 Case + 0 Pack + 0 Case => 100,"Confirm whether source Case refers to a complete stock unit, an inner case, or countable pieces; supply physical inner quantity/unit and current standard case composition. Do not extend the 1/1 Case decision."
d701a245-7b2c-436c-a548-41a92ce85b67,Dill - Dried,64 conflicting packs,3,Hold: alternate source/vendor pack totals,? oz/package × ? packages/case; label=package,oz,1,1,1/1 OZ | 1/5 OZ,5228770:1/5 OZ ; ALT|CODE=5228770|dill dried|case=1|inner=5|base=1|unit=oz:1/5 OZ ; ALT|dill dried|case=1|inner=1|base=1|unit=oz:1/1 OZ,"Sysco / no SKU: verified 5 oz/purchase, case 5, inner 1, packUOM OZ; source no bound mapping ; Harvill's Produce Co., Inc. / no SKU: verified 1 oz/purchase, case 1, inner 1, packUOM OZ; source no bound mapping",0,,2,1,2026-07-31(2026-07-31) 1 oz [C 1 P 0 L 0],,2026-07-31,5228770 row 4659: 1 Case + 0 Pack + 0 OZ => 1,Which vendor/SKU and pack is the current standard for counting? Confirm physical container size and count per case and reconcile the answer with the stored canonical case quantity; preserve older vendor packs/counts.
dfecf9b8-f6f9-4008-950f-9ab35c7eb404,FAIRBANKS SHERRY - 2005687,13 other opaque Case packs,4,Hold: other Case notation lacks physical content,? ea/package × ? packages/case; label=package,ea,6,6,6/1 Case,106811:6/1 Case ; ALT|CODE=106811|fairbanks sherry 2005687|case=6|inner=1|base=1|unit=ea:6/1 Case,"Southern Glazer's / no SKU: verified 6 ea/purchase, case 6, inner 1, packUOM EA; source no bound mapping",0,,2,0,,,2026-07-31,106811 row 422: 0 Case + 0 Pack + 0 Case => 0 ; 106811 row 5323: 0 Case + 0 Pack + 0 Case => 0,"Confirm whether source Case refers to a complete stock unit, an inner case, or countable pieces; supply physical inner quantity/unit and current standard case composition. Do not extend the 1/1 Case decision."
7ad0afd6-6502-481a-aed5-ba80877ef5d3,Garlic Bread,64 conflicting packs,3,Hold: alternate source/vendor pack totals,? ea/package × ? packages/case; label=package,ea,120,120,12/10 EA | 16/8 EA,1494343:12/10 EA ; 302001:16/8 EA ; ALT|CODE=1494343|garlic bread|case=12|inner=10|base=1|unit=ea:12/10 EA ; ALT|CODE=302001|garlic bread|case=16|inner=8|base=1|unit=ea:16/8 EA,"Cheney Brothers / no SKU: verified 128 ea/purchase, case 128, inner 1, packUOM EA; source no bound mapping ; Sysco / no SKU: verified 120 ea/purchase, case 120, inner 1, packUOM EA; source no bound mapping",0,,1,0,,,2026-07-31,302001 row 3246: 0 Case + 0 Pack + 0 EA => 0,Which vendor/SKU and pack is the current standard for counting? Confirm physical container size and count per case and reconcile the answer with the stored canonical case quantity; preserve older vendor packs/counts.
10e8921f-bc0c-4634-a71c-aa35f6b37e5a,Goat cheese stuff dates,13 other opaque Case packs,4,Hold: other Case notation lacks physical content,? ea/package × ? packages/case; label=package,ea,100,100,1/100 Case,ALT|goat cheese stuff dates|case=1|inner=100|base=1|unit=ea:1/100 Case,,0,,1,0,,,2026-07-31,no-code row 2988: 0 Case + 0 Pack + 0 Case => 0,"Confirm whether source Case refers to a complete stock unit, an inner case, or countable pieces; supply physical inner quantity/unit and current standard case composition. Do not extend the 1/1 Case decision."
09f21d3a-2dd9-4904-b944-6db46bf851fd,Grapefruit juice white,13 other opaque Case packs,4,Hold: other Case notation lacks physical content,? ea/package × ? packages/case; label=package,ea,24,24,1/24 Case,10137744:1/24 Case ; ALT|CODE=10137744|grapefruit juice white|case=1|inner=24|base=1|unit=ea:1/24 Case,"Cheney Brothers / no SKU: verified 24 ea/purchase, case 24, inner 1, packUOM EA; source no bound mapping",0,,11,2,2026-07-31(2026-07-31) 6 ea [C 0.25 P 0 L 0] ; 2026-07-31(2026-07-31) 6 ea [C 0.25 P 0 L 0],,2026-07-31,10137744 row 1656: 0 Case + 0 Pack + 0 Case => 0 ; 10137744 row 1880: 0.25 Case + 0 Pack + 0 Case => 6 ; 10137744 row 2145: 0 Case + 0 Pack + 0 Case => 0 ; 10137744 row 2372: 0 Case + 0 Pack + 0 Case => 0 ; 10137744 row 2564: 0 Case + 0 Pack + 0 Case => 0 ; 10137744 row 2889: 0 Case + 0 Pack + 0 Case => 0 ; 10137744 row 4030: 0 Case + 0 Pack + 0 Case => 0 ; 10137744 row 4224: 0 Case + 0 Pack + 0 Case => 0 ; 10137744 row 4489: 0.25 Case + 0 Pack + 0 Case => 6,"Confirm whether source Case refers to a complete stock unit, an inner case, or countable pieces; supply physical inner quantity/unit and current standard case composition. Do not extend the 1/1 Case decision."
2a4931c5-1bb1-4da3-9d0a-b7dbcf80de1a,Herbs - Oregano,64 conflicting packs,3,Hold: alternate source/vendor pack totals,? oz/package × ? packages/case; label=package,oz,64,64,1/4 LB | 1/4 OZ | 1/5 LB,24124:1/4 LB ; 5264312:1/5 LB ; ALT|CODE=24124|herbs oregano|case=1|inner=4|base=1|unit=lb:1/4 LB ; ALT|CODE=5264312|herbs oregano|case=1|inner=5|base=1|unit=lb:1/5 LB ; ALT|CODE=HERBOR4|herbs oregano|case=1|inner=4|base=1|unit=oz:1/4 OZ ; HERBOR4:1/4 OZ,"Sysco / no SKU: verified 80 oz/purchase, case 5, inner 16, packUOM OZ; source no bound mapping ; Mr. Green's Produce / no SKU: verified 64 oz/purchase, case 4, inner 16, packUOM OZ; source no bound mapping ; Harvill's Produce Co., Inc. / no SKU: verified 4 oz/purchase, case 4, inner 1, packUOM OZ; source no bound mapping",0,,1,0,,,2026-07-31,5264312 row 3432: 0 Case + 0 Pack + 0 LB => 0,Which vendor/SKU and pack is the current standard for counting? Confirm physical container size and count per case and reconcile the answer with the stored canonical case quantity; preserve older vendor packs/counts.
f2101e20-45da-4a03-a934-599158d49499,Herbs - Sage,64 conflicting packs,3,Hold: alternate source/vendor pack totals,? oz/package × ? packages/case; label=package,oz,4,4,1/0.25 LB | 2/0.5 LB,24146:1/0.25 LB ; ALT|CODE=24146|herbs sage|case=1|inner=0.25|base=1|unit=lb:1/0.25 LB ; ALT|herbs sage|case=2|inner=0.5|base=1|unit=lb:2/0.5 LB,"Harvill's Produce Co., Inc. / no SKU: verified 16 oz/purchase, case 1, inner 16, packUOM OZ; source no bound mapping ; Mr. Green's Produce / no SKU: verified 4 oz/purchase, case 0.25, inner 16, packUOM OZ; source no bound mapping",0,,2,1,2026-07-31(2026-07-31) 1 oz [C 1 P 0 L 0],,2026-07-31,HERBSAGEEA row 3435: 1 Case + 0 Pack + 0 LB => 1,Which vendor/SKU and pack is the current standard for counting? Confirm physical container size and count per case and reconcile the answer with the stored canonical case quantity; preserve older vendor packs/counts.
ed26e500-dd37-40ac-b77f-8538cd12e994,Hoagie Roll,64 conflicting packs,3,Hold: alternate source/vendor pack totals,? ea/package × ? packages/case; label=package,ea,1,1,1/1 EA | 12/6 EA,7223108:12/6 EA ; ALT|CODE=7223108|hoagie roll|case=12|inner=6|base=1|unit=ea:12/6 EA ; ALT|hoagie roll|case=1|inner=1|base=1|unit=ea:1/1 EA,"Sysco / no SKU: verified 72 ea/purchase, case 72, inner 1, packUOM EA; source no bound mapping ; Olde Hearth Bread Company / no SKU: verified 1 ea/purchase, case 1, inner 1, packUOM EA; source no bound mapping",0,,3,0,,,2026-07-31,7223108 row 3147: 0 Case + 0 Pack + 0 EA => 0 ; 7223108 row 4229: 0 Case + 0 Pack + 0 EA => 0 ; 7223108 row 4424: 0 Case + 0 Pack + 0 EA => 0,Which vendor/SKU and pack is the current standard for counting? Confirm physical container size and count per case and reconcile the answer with the stored canonical case quantity; preserve older vendor packs/counts.
0fa142f0-784c-4fb7-8876-2250bc12645a,JIL COLOMBO COTE RHONE ABEILL,5 source-unit/geometry issues,2,Hold: source geometry invalid or unit mismatch,? ea/package × ? packages/case; label=package,ea,1,1,0/0 750ML,ALT|jil colombo cote rhone abeill|case=null|inner=null|base=null|unit=null:0/0 750ML,,0,,1,0,,,2026-07-31,no-code row 624: 0 Case + 0 Pack + 0 750ML => 0,Obtain a current supplier/physical pack label and confirm canonical stock unit and full-case quantity; zero/zero source notation gives no size.
b85c4d77-e7d5-4585-ad40-f9e9752a572c,Johnnie Walker Mini,13 other opaque Case packs,4,Hold: other Case notation lacks physical content,? ea/package × ? packages/case; label=package,ea,120,120,10/12 Case,ALT|johnnie walker mini|case=10|inner=12|base=1|unit=ea:10/12 Case,,0,,3,0,,,2026-07-31,no-code row 633: 0 Case + 0 Pack + 0 Case => 0 ; no-code row 2583: 0 Case + 0 Pack + 0 Case => 0 ; no-code row 2903: 0 Case + 0 Pack + 0 Case => 0,"Confirm whether source Case refers to a complete stock unit, an inner case, or countable pieces; supply physical inner quantity/unit and current standard case composition. Do not extend the 1/1 Case decision."
227e66c3-1250-4754-9f48-d44abbb6934a,Juice - Lemon,64 conflicting packs,3,Hold: alternate source/vendor pack totals,? ml/package × ? packages/case; label=package,ml,15141.64,15141.64,12/1 QT | 4/1 GAL,0138818:4/1 GAL ; 096255:12/1 QT ; ALT|CODE=0138818|juice lemon|case=4|inner=1|base=1|unit=gal:4/1 GAL ; ALT|CODE=096255|juice lemon|case=12|inner=1|base=1|unit=qt:12/1 QT,"Cheney Brothers / no SKU: verified 11356.235999999999 ml/purchase, case 12, inner 946.353, packUOM ML; source no bound mapping ; Sysco / no SKU: verified 15141.64 ml/purchase, case 4, inner 3785.41, packUOM ML; source no bound mapping",0,1/32 OUNCE; 10 lines; latest 2026-08-07,7,3,2026-07-31(2026-07-31) 4 ml [C 0 P 4 L 0] ; 2026-07-31(2026-07-31) 12 ml [C 1 P 0 L 0] ; 2026-07-31(2026-07-31) 3 ml [C 0 P 3 L 0],,2026-07-31,096255 row 3752: 0 Case + 0 Pack + 0 QT => 0 ; 096255 row 4042: 0 Case + 3 Pack + 0 QT => 3 ; 096255 row 4243: 0 Case + 4 Pack + 0 QT => 4 ; 096255 row 4863: 1 Case + 0 Pack + 0 QT => 12,"Which vendor/SKU and pack is the current standard for counting? Confirm physical container size and count per case and reconcile the answer with the stored canonical case quantity; preserve older vendor packs/counts. The earlier Harvill invoice triage is historical purchase evidence, not current operator approval."
37a8aa7c-92d1-4366-8f4a-3e6150803c3c,Ketel One Mini,13 other opaque Case packs,4,Hold: other Case notation lacks physical content,? ea/package × ? packages/case; label=package,ea,120,120,10/12 Case,ALT|ketel one mini|case=10|inner=12|base=1|unit=ea:10/12 Case,,0,,5,2,2026-07-31(2026-07-31) 160 ea [C 0 P 0 L 160] ; 2026-07-31(2026-07-31) 55 ea [C 0 P 0 L 55],,2026-07-31,no-code row 665: 0 Case + 0 Pack + 0 Case => 0 ; no-code row 2588: 0 Case + 0 Pack + 160 Case => 160 ; no-code row 2906: 0 Case + 0 Pack + 55 Case => 55,"Confirm whether source Case refers to a complete stock unit, an inner case, or countable pieces; supply physical inner quantity/unit and current standard case composition. Do not extend the 1/1 Case decision."
f25a4152-1878-4339-9cb3-762ce7cc29ec,"LA MASSA IGT TUSCAN RED 2021 (94V, 94RP)",8 saved-count holds,1,Hold: historical count-unit interpretation,? ea/package × ? packages/case; label=package,ea,1,1,1/1 Case,2366:1/1 Case ; ALT|CODE=2366|la massa igt tuscan red 2021 94v 94rp|case=1|inner=1|base=null|unit=case:1/1 Case,"Terroir Selections / no SKU: incomplete ? ea/purchase, case 1, inner 1, packUOM CASE; source no bound mapping",0,,3,1,2026-07-31(2026-07-31) 0.08 ea [C 0 P 0 L 0.08],,2026-07-31,2366 row 702: 0 Case + 0 Pack + 0 Case => 0 ; 2366 row 1410: 0 Case + 0 Pack + 0.08 Case => 0.08,Interpret each July imported Case/Pack/third-tier source count and the saved case/container/loose parts; confirm which represent fractional whole cases versus inner pieces. May enable current whole-case counting only after separately preserving and flagging old lines.
50e5d27d-e7bb-420a-85e2-780e2ea9e134,Lemonade,64 conflicting packs,3,Hold: alternate source/vendor pack totals,? oz/package × ? packages/case; label=package,oz,210,210,15/14 OZ | 15/2 GAL,098155:15/2 GAL ; 4800807:15/14 OZ ; ALT|CODE=098155|lemonade|case=15|inner=2|base=1|unit=gal:15/2 GAL ; ALT|CODE=4800807|lemonade|case=15|inner=14|base=1|unit=oz:15/14 OZ,"Cheney Brothers / no SKU: verified 113562.29999999999 oz/purchase, case 30, inner 3785.41, packUOM ML; source no bound mapping ; Sysco / no SKU: verified 210 oz/purchase, case 210, inner 1, packUOM OZ; source no bound mapping",0,,5,2,2026-07-31(2026-07-31) 30 oz [C 1 P 0 L 0] ; 2026-07-31(2026-07-31) 90 oz [C 3 P 0 L 0],,2026-07-31,098155 row 4249: 0 Case + 0 Pack + 0 GAL => 0 ; 098155 row 4565: 1 Case + 0 Pack + 0 GAL => 30 ; 098155 row 5513: 3 Case + 0 Pack + 0 GAL => 90,Which vendor/SKU and pack is the current standard for counting? Confirm physical container size and count per case and reconcile the answer with the stored canonical case quantity; preserve older vendor packs/counts.
3fd5dbe7-46fc-4627-9deb-7e2147960f1f,Lobster - Claw and Knuckle meat,64 conflicting packs,3,Hold: alternate source/vendor pack totals,? oz/package × ? packages/case; label=package,oz,192,192,3/2 LB | 6/2 LB,5841648:6/2 LB ; ALT|CODE=5841648|lobster claw and knuckle meat|case=6|inner=2|base=1|unit=lb:6/2 LB ; ALT|lobster claw and knuckle meat|case=3|inner=2|base=1|unit=lb:3/2 LB,"Sysco / no SKU: verified 192 oz/purchase, case 12, inner 16, packUOM OZ; source no bound mapping ; Samuels and Son Seafood Company / no SKU: verified 96 oz/purchase, case 6, inner 16, packUOM OZ; source no bound mapping",0,,4,2,2026-07-31(2026-07-31) 6 oz [C 0 P 0 L 6] ; 2026-07-31(2026-07-31) 12 oz [C 2 P 0 L 0],,2026-07-31,LOBSTER MEAT BROKEN CK 6 EA CLW/KNCKLE BROKEN row 3266: 2 Case + 0 Pack + 0 LB => 12 ; LOBSTER MEAT BROKEN CK 6 EA CLW/KNCKLE BROKEN row 4050: 0 Case + 0 Pack + 6 LB => 6,Which vendor/SKU and pack is the current standard for counting? Confirm physical container size and count per case and reconcile the answer with the stored canonical case quantity; preserve older vendor packs/counts.
16db1e74-95a4-4ce9-b810-273493de3a9d,Maker's Mark,5 source-unit/geometry issues,2,Hold: source geometry invalid or unit mismatch,? ea/package × ? packages/case; label=package,ea,1,1,0/0 LT,ALT|makers mark|case=null|inner=null|base=null|unit=null:0/0 LT,,0,,7,3,2026-07-31(2026-07-31) 0.7 ea [C 0.7 P 0 L 0] ; 2026-07-31(2026-07-31) 4.6 ea [C 4.6 P 0 L 0] ; 2026-07-31(2026-07-31) 0.3 ea [C 0.3 P 0 L 0],,2026-07-31,no-code row 747: 4.6 Case + 0 Pack + 0 LT => 4.6 ; no-code row 1693: 0.7 Case + 0 Pack + 0 LT => 0.7 ; no-code row 2201: 0 Case + 0 Pack + 0 LT => 0 ; no-code row 2413: 0.3 Case + 0 Pack + 0 LT => 0.3,Obtain a current supplier/physical pack label and confirm canonical stock unit and full-case quantity; zero/zero source notation gives no size.
714b4fec-6ac8-4163-89e4-e92e67eee6c3,Marjoram - Dried,64 conflicting packs,3,Hold: alternate source/vendor pack totals,? oz/package × ? packages/case; label=package,oz,3,3,1/3 OZ | 6/4 OZ,140146:6/4 OZ ; 8934448:1/3 OZ ; ALT|CODE=140146|marjoram dried|case=6|inner=4|base=1|unit=oz:6/4 OZ ; ALT|CODE=8934448|marjoram dried|case=1|inner=3|base=1|unit=oz:1/3 OZ,"Sysco / no SKU: verified 3 oz/purchase, case 3, inner 1, packUOM OZ; source no bound mapping ; Cheney Brothers / no SKU: verified 24 oz/purchase, case 24, inner 1, packUOM OZ; source no bound mapping",0,,2,1,2026-07-31(2026-07-31) 12 oz [C 2 P 0 L 0],,2026-07-31,140146 row 4674: 2 Case + 0 Pack + 0 OZ => 12,Which vendor/SKU and pack is the current standard for counting? Confirm physical container size and count per case and reconcile the answer with the stored canonical case quantity; preserve older vendor packs/counts.
2082515d-2b87-4407-b413-1362165c524f,Milk - Whole,64 conflicting packs,3,Hold: alternate source/vendor pack totals,? ml/package × ? packages/case; label=package,ml,15141.64,15141.64,1/1 GAL | 4/1 GAL,10174634:4/1 GAL ; 4676306:1/1 GAL ; ALT|CODE=10174634|milk whole|case=4|inner=1|base=1|unit=gal:4/1 GAL ; ALT|CODE=4676306|milk whole|case=1|inner=1|base=1|unit=gal:1/1 GAL,"Cheney Brothers / no SKU: verified 15141.64 ml/purchase, case 4, inner 3785.41, packUOM ML; source no bound mapping ; Sysco / no SKU: verified 3785.41 ml/purchase, case 1, inner 3785.41, packUOM ML; source no bound mapping",0,,8,3,2026-07-31(2026-07-31) 1 ml [C 1 P 0 L 0] ; 2026-07-31(2026-07-31) 0.33 ml [C 0.33 P 0 L 0] ; 2026-07-31(2026-07-31) 1 ml [C 0 P 1 L 0],,2026-07-31,4676306 row 2599: 0 Case + 1 Pack + 0 GAL => 1 ; 4676306 row 3780: 0 Case + 0 Pack + 0 GAL => 0 ; 4676306 row 4057: 0.33 Case + 0 Pack + 0 GAL => 0.33 ; 4676306 row 4263: 1 Case + 0 Pack + 0 GAL => 1 ; 4676306 row 5355: 0 Case + 0 Pack + 0 GAL => 0,Which vendor/SKU and pack is the current standard for counting? Confirm physical container size and count per case and reconcile the answer with the stored canonical case quantity; preserve older vendor packs/counts.
407fb1d4-ba99-4657-9f30-554419d96c02,Muffin,64 conflicting packs,3,Hold: alternate source/vendor pack totals,? oz/package × ? packages/case; label=package,oz,96,96,24/4 OZ | 96/2.25 OZ,1270008:96/2.25 OZ ; 322052:24/4 OZ ; ALT|CODE=1270008|muffin|case=96|inner=2.25|base=1|unit=oz:96/2.25 OZ ; ALT|CODE=322052|muffin|case=24|inner=4|base=1|unit=oz:24/4 OZ,"Cheney Brothers / no SKU: verified 96 oz/purchase, case 96, inner 1, packUOM OZ; source no bound mapping ; Sysco / no SKU: verified 216 oz/purchase, case 216, inner 1, packUOM OZ; source no bound mapping",0,,5,1,2026-07-31(2026-07-31) 14 oz [C 0 P 14 L 0],,2026-07-31,1270008 row 2427: 0 Case + 0 Pack + 0 OZ => 0 ; 1270008 row 2602: 0 Case + 14 Pack + 0 OZ => 14 ; 1270008 row 2915: 0 Case + 0 Pack + 0 OZ => 0 ; 1270008 row 3274: 0 Case + 0 Pack + 0 OZ => 0,Which vendor/SKU and pack is the current standard for counting? Confirm physical container size and count per case and reconcile the answer with the stored canonical case quantity; preserve older vendor packs/counts.
2f1081be-3de4-46f0-9af8-8ea1a20145ce,Olive Oil - Extra Virgin,64 conflicting packs,3,Hold: alternate source/vendor pack totals,? ml/package × ? packages/case; label=package,ml,250,250,1/250 ML | 1/500 ML,ALT|CODE=FP-250|olive oil extra virgin|case=1|inner=250|base=1|unit=ml:1/250 ML ; ALT|olive oil extra virgin|case=1|inner=500|base=1|unit=ml:1/500 ML ; FP-250:1/250 ML,"Pensato USA, LLC / no SKU: verified 500 ml/purchase, case 500, inner 1, packUOM ML; source no bound mapping ; Ambrosia Market / no SKU: verified 250 ml/purchase, case 250, inner 1, packUOM ML; source no bound mapping",0,,2,0,,,2026-07-31,LEMON OLIVE OIL - 500ML (16.5 Oz) row 4544: 0 Case + 0 Pack + 0 ML => 0 ; LEMON OLIVE OIL - 500ML (16.5 Oz) row 5367: 0 Case + 0 Pack + 0 ML => 0,Which vendor/SKU and pack is the current standard for counting? Confirm physical container size and count per case and reconcile the answer with the stored canonical case quantity; preserve older vendor packs/counts.
309f454a-e5da-429c-b9a0-7bdbe558056e,Onions - Green,64 conflicting packs,3,Hold: alternate source/vendor pack totals,? ea/package × ? packages/case; label=package,ea,24,24,1/12 EA | 1/24 EA,27025:1/24 EA ; ALT|CODE=27025|onions green|case=1|inner=24|base=1|unit=ea:1/24 EA ; ALT|CODE=ONIGRI12|onions green|case=1|inner=12|base=1|unit=ea:1/12 EA ; ONIGRI12:1/12 EA,"Harvill's Produce Co., Inc. / no SKU: verified 12 ea/purchase, case 12, inner 1, packUOM EA; source no bound mapping ; Mr. Green's Produce / no SKU: verified 24 ea/purchase, case 24, inner 1, packUOM EA; source no bound mapping",0,,2,1,2026-07-31(2026-07-31) 12 ea [C 1 P 0 L 0],,2026-07-31,ONIGRI12 row 3473: 1 Case + 0 Pack + 0 EA => 12,Which vendor/SKU and pack is the current standard for counting? Confirm physical container size and count per case and reconcile the answer with the stored canonical case quantity; preserve older vendor packs/counts.
6dc046ec-1ebe-448b-89c2-9d8dc31644a2,Onions - Yellow,64 conflicting packs,3,Hold: alternate source/vendor pack totals,? oz/package × ? packages/case; label=package,oz,80,80,1/5 LB | 1/50 LB,27150:1/5 LB ; ALT|CODE=27150|onions yellow|case=1|inner=5|base=1|unit=lb:1/5 LB ; ALT|onions yellow|case=1|inner=50|base=1|unit=lb:1/50 LB,"Harvill's Produce Co., Inc. / no SKU: verified 800 oz/purchase, case 50, inner 16, packUOM OZ; source no bound mapping ; Mr. Green's Produce / no SKU: verified 80 oz/purchase, case 5, inner 16, packUOM OZ; source no bound mapping",0,,4,2,2026-07-31(2026-07-31) 62.5 oz [C 1.25 P 0 L 0] ; 2026-07-31(2026-07-31) 5 oz [C 0 P 0 L 5],,2026-07-31,onijum row 3476: 1.25 Case + 0 Pack + 0 LB => 62.5 ; onijum row 4289: 0 Case + 0 Pack + 5 LB => 5,Which vendor/SKU and pack is the current standard for counting? Confirm physical container size and count per case and reconcile the answer with the stored canonical case quantity; preserve older vendor packs/counts.
e7b411b3-a4fd-4a7b-b23c-603ee64bbcb9,Pepperoni,5 source-unit/geometry issues,2,Hold: source geometry invalid or unit mismatch,? lb/package × ? packages/case; label=package,lb,10,10,2/5 LB,10019742:2/5 LB ; 3541394:2/5 LB ; ALT|CODE=10019742|pepperoni|case=2|inner=5|base=1|unit=lb:2/5 LB ; ALT|CODE=3541394|pepperoni|case=2|inner=5|base=1|unit=lb:2/5 LB,"Cheney Brothers / no SKU: verified 1 lb/purchase, case 10, inner 16, packUOM OZ; source no bound mapping ; Sysco / no SKU: conflicting ? lb/purchase, case 10, inner 16, packUOM OZ; source no bound mapping",0,,5,2,2026-07-31(2026-07-31) 2.5 oz [C 0 P 0.5 L 0] ; 2026-07-31(2026-07-31) 17 oz [C 0 P 0 L 17],oz,2026-07-31,3541394 row 3802: 0 Case + 0 Pack + 17 LB => 17 ; 3541394 row 4083: 0 Case + 0.5 Pack + 0 LB => 2.5 ; 3541394 row 4303: 0 Case + 0 Pack + 0 LB => 0,"Confirm whether 2/5 LB is two physical 5-lb packs totaling 10 LB, and reconcile stored vendor geometry and the July lines recorded in OZ while the item is now LB. Do not convert numeric saved quantities without reviewing source intent."
9a02c849-8ef8-4cbe-b973-88791f66f13e,Peppers - Green,64 conflicting packs,3,Hold: alternate source/vendor pack totals,? oz/package × ? packages/case; label=package,oz,16,16,1/1 LB | 1/5 LB,20630:1/5 LB ; ALT|CODE=20630|peppers green|case=1|inner=5|base=1|unit=lb:1/5 LB ; ALT|peppers green|case=1|inner=1|base=1|unit=lb:1/1 LB,"Harvill's Produce Co., Inc. / no SKU: verified 16 oz/purchase, case 1, inner 16, packUOM OZ; source no bound mapping ; Mr. Green's Produce / no SKU: verified 80 oz/purchase, case 5, inner 16, packUOM OZ; source no bound mapping",0,,6,3,2026-07-31(2026-07-31) 75 oz [C 15 P 0 L 0] ; 2026-07-31(2026-07-31) 2 oz [C 0 P 0 L 2] ; 2026-07-31(2026-07-31) 3 oz [C 0 P 0 L 3],,2026-07-31,20630 row 3487: 15 Case + 0 Pack + 0 LB => 75 ; 20630 row 4084: 0 Case + 0 Pack + 3 LB => 3 ; 20630 row 4304: 0 Case + 0 Pack + 2 LB => 2,Which vendor/SKU and pack is the current standard for counting? Confirm physical container size and count per case and reconcile the answer with the stored canonical case quantity; preserve older vendor packs/counts.
eb8bab18-117b-4b13-ae61-57eca6aa2e03,Popcorn Kit,13 other opaque Case packs,4,Hold: other Case notation lacks physical content,? ea/package × ? packages/case; label=package,ea,384,384,24/16 Case,ALT|popcorn kit|case=24|inner=16|base=1|unit=ea:24/16 Case,,0,,1,0,,,2026-06-30,no-code row 4606: 1 Case + 0 Pack + 0 Case => 384,"Confirm whether source Case refers to a complete stock unit, an inner case, or countable pieces; supply physical inner quantity/unit and current standard case composition. Do not extend the 1/1 Case decision."
a8be19c6-1d9f-43fe-a49f-570b37e903f1,Pork - Loin Chop,64 conflicting packs,3,Hold: alternate source/vendor pack totals,? oz/package × ? packages/case; label=package,oz,160,160,1/1 LB | 20/8 OZ,39-14120:1/1 LB ; 5741535:20/8 OZ ; ALT|CODE=39-14120|pork loin chop|case=1|inner=1|base=1|unit=lb:1/1 LB ; ALT|CODE=5741535|pork loin chop|case=20|inner=8|base=1|unit=oz:20/8 OZ,"Sysco / no SKU: verified 160 oz/purchase, case 160, inner 1, packUOM OZ; source no bound mapping ; Halperns / no SKU: verified 16 oz/purchase, case 1, inner 16, packUOM OZ; source no bound mapping",0,,4,1,2026-07-31(2026-07-31) 20 oz [C 20 P 0 L 0],,2026-07-31,39-14120 row 3102: 0 Case + 0 Pack + 0 LB => 0 ; 39-14120 row 3818: 20 Case + 0 Pack + 0 LB => 20 ; 39-14120 row 4090: 0 Case + 0 Pack + 0 LB => 0,Which vendor/SKU and pack is the current standard for counting? Confirm physical container size and count per case and reconcile the answer with the stored canonical case quantity; preserve older vendor packs/counts.
660ff66a-2cb8-4410-85bc-c292572122c8,Potatoes - Red,64 conflicting packs,3,Hold: alternate source/vendor pack totals,? oz/package × ? packages/case; label=package,oz,800,800,1/50 LB | 6/2.5 LB,10071629:6/2.5 LB ; 29270:1/50 LB ; ALT|CODE=10071629|potatoes red|case=6|inner=2.5|base=1|unit=lb:6/2.5 LB ; ALT|CODE=29270|potatoes red|case=1|inner=50|base=1|unit=lb:1/50 LB ; ALT|potatoes red|case=1|inner=50|base=1|unit=lb:1/50 LB,"Mr. Green's Produce / no SKU: verified 800 oz/purchase, case 50, inner 16, packUOM OZ; source no bound mapping ; Cheney Brothers / no SKU: verified 240 oz/purchase, case 15, inner 16, packUOM OZ; source no bound mapping ; Harvill's Produce Co., Inc. / no SKU: verified 800 oz/purchase, case 50, inner 16, packUOM OZ; source no bound mapping",0,,1,0,,,2026-07-31,potblcr row 5393: 0 Case + 0 Pack + 0 LB => 0,Which vendor/SKU and pack is the current standard for counting? Confirm physical container size and count per case and reconcile the answer with the stored canonical case quantity; preserve older vendor packs/counts.
3c42efb3-2124-48dc-8d4a-b27cba98aeeb,Praline Croquatine,8 saved-count holds,1,Hold: historical count-unit interpretation,? ea/package × ? packages/case; label=package,ea,1,1,1/1 Case,ALT|praline croquatine|case=1|inner=1|base=null|unit=case:1/1 Case,,0,,2,1,2026-07-31(2026-07-31) 1 ea [C 0 P 1 L 0],,2026-07-31,no-code row 5222: 0 Case + 1 Pack + 0 Case => 1,Interpret each July imported Case/Pack/third-tier source count and the saved case/container/loose parts; confirm which represent fractional whole cases versus inner pieces. May enable current whole-case counting only after separately preserving and flagging old lines.
37b8f91a-2423-4fdd-92b3-e5126da70fc3,Queso Fresco,64 conflicting packs,3,Hold: alternate source/vendor pack totals,? oz/package × ? packages/case; label=package,oz,256,256,1/5 LB | 2/8 LB,10162002:2/8 LB ; 7623509:1/5 LB ; ALT|CODE=10162002|queso fresco|case=2|inner=8|base=1|unit=lb:2/8 LB ; ALT|CODE=7623509|queso fresco|case=1|inner=5|base=1|unit=lb:1/5 LB,"Cheney Brothers / no SKU: verified 256 oz/purchase, case 16, inner 16, packUOM OZ; source no bound mapping ; Sysco / no SKU: verified 80 oz/purchase, case 5, inner 16, packUOM OZ; source no bound mapping",0,,2,1,2026-07-31(2026-07-31) 1.25 oz [C 0.25 P 0 L 0],,2026-07-31,7623509 row 3508: 0.25 Case + 0 Pack + 0 LB => 1.25,Which vendor/SKU and pack is the current standard for counting? Confirm physical container size and count per case and reconcile the answer with the stored canonical case quantity; preserve older vendor packs/counts.
dfed466a-a1bf-48c0-8888-fbabfa696f2a,Roasted Potatoes,64 conflicting packs,3,"Hold: equal totals, differing physical inner packs",? oz/package × ? packages/case; label=package,oz,240,240,5/3 LB | 6/2.5 LB,272095:6/2.5 LB ; 7028548:5/3 LB ; ALT|CODE=272095|roasted potatoes|case=6|inner=2.5|base=1|unit=lb:6/2.5 LB ; ALT|CODE=7028548|roasted potatoes|case=5|inner=3|base=1|unit=lb:5/3 LB,"Sysco / no SKU: verified 240 oz/purchase, case 15, inner 16, packUOM OZ; source no bound mapping ; Cheney Brothers / no SKU: verified 240 oz/purchase, case 15, inner 16, packUOM OZ; source no bound mapping",0,,2,1,2026-07-31(2026-07-31) 60 oz [C 4 P 0 L 0],,2026-07-31,272095 row 3009: 4 Case + 0 Pack + 0 LB => 60,"Both source notations have compatible total, but confirm the number and size of physical countable packages in the current case; check saved count parts before any setup."
915adcc5-d198-488b-8e9c-fbe4660e0211,SAUCE CHEESE CHDR SHARP,64 conflicting packs,3,Hold: alternate source/vendor pack totals,? oz/package × ? packages/case; label=package,oz,560,560,4/140 OZ | 6/111 OZ,186025:6/111 OZ ; 7410467:4/140 OZ ; ALT|CODE=186025|sauce cheese chdr sharp|case=6|inner=111|base=1|unit=oz:6/111 OZ ; ALT|CODE=7410467|sauce cheese chdr sharp|case=4|inner=140|base=1|unit=oz:4/140 OZ,"Cheney Brothers / no SKU: verified 666 oz/purchase, case 666, inner 1, packUOM OZ; source no bound mapping ; Sysco / no SKU: verified 560 oz/purchase, case 560, inner 1, packUOM OZ; source no bound mapping",0,,1,0,,,2026-07-31,186025 row 3849: 0 Case + 0 Pack + 0 OZ => 0,Which vendor/SKU and pack is the current standard for counting? Confirm physical container size and count per case and reconcile the answer with the stored canonical case quantity; preserve older vendor packs/counts.
052d6fd9-4248-46a8-9fe7-c288e6fdbd92,San Pellegrino,64 conflicting packs,3,Hold: alternate source/vendor pack totals,? ml/package × ? packages/case; label=package,ml,11250,11250,1/12 EA | 15/1 750ML,100156:15/1 750ML ; ALT|CODE=100156|san pellegrino|case=15|inner=1|base=750|unit=ml:15/1 750ML ; ALT|san pellegrino|case=1|inner=12|base=1|unit=ea:1/12 EA,"Cheney Brothers / no SKU: verified 11250 ml/purchase, case 15, inner 750, packUOM ML; source no bound mapping",0,,5,2,2026-07-31(2026-07-31) 6 ml [C 0.5 P 0 L 0] ; 2026-07-31(2026-07-31) 18 ml [C 1.5 P 0 L 0],,2026-07-31,no-code row 4102: 0.5 Case + 0 Pack + 0 EA => 6 ; no-code row 4641: 1.5 Case + 0 Pack + 0 EA => 18 ; no-code row 5402: 0 Case + 0 Pack + 0 EA => 0,Which vendor/SKU and pack is the current standard for counting? Confirm physical container size and count per case and reconcile the answer with the stored canonical case quantity; preserve older vendor packs/counts.
3431a810-db6b-427b-a2fc-3e6520d3662b,Shallots - Peeled,64 conflicting packs,3,Hold: alternate source/vendor pack totals,? oz/package × ? packages/case; label=package,oz,80,80,1/5 LB | 2/5 LB,27300:2/5 LB ; ALT|CODE=27300|shallots peeled|case=2|inner=5|base=1|unit=lb:2/5 LB ; ALT|shallots peeled|case=1|inner=5|base=1|unit=lb:1/5 LB,"Harvill's Produce Co., Inc. / no SKU: verified 80 oz/purchase, case 5, inner 16, packUOM OZ; source no bound mapping ; Mr. Green's Produce / no SKU: verified 160 oz/purchase, case 10, inner 16, packUOM OZ; source no bound mapping",0,1/5 POUND; 9 lines; latest 2026-08-17,1,0,,,2026-07-31,SHALPLGL row 3519: 0 Case + 0 Pack + 0 LB => 0,"Which vendor/SKU and pack is the current standard for counting? Confirm physical container size and count per case and reconcile the answer with the stored canonical case quantity; preserve older vendor packs/counts. The earlier Harvill invoice triage is historical purchase evidence, not current operator approval."
87812bf0-6ecb-4ae6-81d8-25fb701d17d3,Shrimp - 16-20,64 conflicting packs,3,Hold: alternate source/vendor pack totals,? oz/package × ? packages/case; label=package,oz,160,160,1/1 LB | 4/2.5 LB,5107525:4/2.5 LB ; ALT|CODE=5107525|shrimp 16 20|case=4|inner=2.5|base=1|unit=lb:4/2.5 LB ; ALT|shrimp 16 20|case=1|inner=1|base=1|unit=lb:1/1 LB,"Samuels and Son Seafood Company / no SKU: verified 16 oz/purchase, case 1, inner 16, packUOM OZ; source no bound mapping ; Sysco / no SKU: verified 160 oz/purchase, case 10, inner 16, packUOM OZ; source no bound mapping",0,,8,4,2026-07-31(2026-07-31) 5 oz [C 5 P 0 L 0] ; 2026-07-31(2026-07-31) 4 oz [C 4 P 0 L 0] ; 2026-07-31(2026-07-31) 1 oz [C 1 P 0 L 0] ; 2026-07-31(2026-07-31) 4 oz [C 4 P 0 L 0],,2026-07-31,shrimp pd 16/20 t/off row 3195: 1 Case + 0 Pack + 0 LB => 1 ; shrimp pd 16/20 t/off row 4109: 4 Case + 0 Pack + 0 LB => 4 ; shrimp pd 16/20 t/off row 4333: 4 Case + 0 Pack + 0 LB => 4 ; shrimp pd 16/20 t/off row 5475: 5 Case + 0 Pack + 0 LB => 5,Which vendor/SKU and pack is the current standard for counting? Confirm physical container size and count per case and reconcile the answer with the stored canonical case quantity; preserve older vendor packs/counts.
6ad040da-12f9-4826-9fed-a531bb9fa3dc,Shrimp - 6-8,64 conflicting packs,3,"Hold: equal totals, differing physical inner packs",? oz/package × ? packages/case; label=package,oz,160,160,1/10 LB | 4/2.5 LB,7952559:4/2.5 LB ; ALT|CODE=7952559|shrimp 6 8|case=4|inner=2.5|base=1|unit=lb:4/2.5 LB ; ALT|shrimp 6 8|case=1|inner=10|base=1|unit=lb:1/10 LB,"Sysco / no SKU: verified 160 oz/purchase, case 10, inner 16, packUOM OZ; source no bound mapping ; Samuels and Son Seafood Company / no SKU: verified 160 oz/purchase, case 10, inner 16, packUOM OZ; source no bound mapping",0,,2,1,2026-07-31(2026-07-31) 5 oz [C 0.5 P 0 L 0],,2026-07-31,7952559 row 3197: 0.5 Case + 0 Pack + 0 LB => 5,"Both source notations have compatible total, but confirm the number and size of physical countable packages in the current case; check saved count parts before any setup."
84b198a1-8345-448f-8b26-865299153f1b,Shrimp - 70-90,64 conflicting packs,3,"Hold: equal totals, differing physical inner packs",? oz/package × ? packages/case; label=package,oz,160,160,1/10 LB | 5/2 LB,246097:5/2 LB ; 7952310:1/10 LB ; ALT|CODE=246097|shrimp 70 90|case=5|inner=2|base=1|unit=lb:5/2 LB ; ALT|CODE=7952310|shrimp 70 90|case=1|inner=10|base=1|unit=lb:1/10 LB,"Cheney Brothers / no SKU: verified 160 oz/purchase, case 10, inner 16, packUOM OZ; source no bound mapping ; Sysco / no SKU: verified 160 oz/purchase, case 10, inner 16, packUOM OZ; source no bound mapping",0,,4,2,2026-07-31(2026-07-31) 20 oz [C 2 P 0 L 0] ; 2026-07-31(2026-07-31) 10 oz [C 1 P 0 L 0],,2026-07-31,7952310 row 3198: 2 Case + 0 Pack + 0 LB => 20 ; 7952310 row 4334: 1 Case + 0 Pack + 0 LB => 10,"Both source notations have compatible total, but confirm the number and size of physical countable packages in the current case; check saved count parts before any setup."
bc3ba8e7-2614-4e23-97c2-0830b8c46895,Squash - Zucchini,64 conflicting packs,3,Hold: alternate source/vendor pack totals,? oz/package × ? packages/case; label=package,oz,80,80,10/1 LB | 5/1 LB,20544:5/1 LB ; ALT|CODE=20544|squash zucchini|case=5|inner=1|base=1|unit=lb:5/1 LB ; ALT|squash zucchini|case=10|inner=1|base=1|unit=lb:10/1 LB,"Mr. Green's Produce / no SKU: verified 80 oz/purchase, case 5, inner 16, packUOM OZ; source no bound mapping ; Harvill's Produce Co., Inc. / no SKU: verified 160 oz/purchase, case 10, inner 16, packUOM OZ; source no bound mapping",0,10/1 POUND; 9 lines; latest 2026-08-17,2,1,2026-07-31(2026-07-31) 10 oz [C 1 P 0 L 0],,2026-07-31,SQUZ row 3525: 1 Case + 0 Pack + 0 LB => 10,"Which vendor/SKU and pack is the current standard for counting? Confirm physical container size and count per case and reconcile the answer with the stored canonical case quantity; preserve older vendor packs/counts. The earlier Harvill invoice triage is historical purchase evidence, not current operator approval."
9b43bfaa-8666-4a2e-bd6e-93bd80c2ac96,Stella Artois - Bottled,64 conflicting packs,3,Source-supported each-count candidate; not approved to apply,? ea/package × ? packages/case; label=package,ea,24,24,1/24 EA | 2/12 EA,99682:1/24 EA ; 99753:2/12 EA ; ALT|CODE=99682|stella artois bottled|case=1|inner=24|base=1|unit=ea:1/24 EA ; ALT|CODE=99753|stella artois bottled|case=2|inner=12|base=1|unit=ea:2/12 EA,"City Beverages / no SKU: verified 24 ea/purchase, case 24, inner 1, packUOM EA; source no bound mapping",0,,16,7,2026-07-31(2026-07-31) 13 ea [C 0 P 0 L 13] ; 2026-07-31(2026-07-31) 10 ea [C 0 P 0 L 10] ; 2026-07-31(2026-07-31) 4 ea [C 0 P 0 L 4] ; 2026-07-31(2026-07-31) 11 ea [C 0 P 0 L 11] ; 2026-07-31(2026-07-31) 62 ea [C 0 P 0 L 62] ; 2026-07-31(2026-07-31) 162 ea [C 5.5 P 0 L 30] ; 2026-07-31(2026-07-31) 45 ea [C 0 P 0 L 45],,2026-07-31,99682 row 1028: 0 Case + 0 Pack + 4 EA => 4 ; 99682 row 1745: 0 Case + 0 Pack + 11 EA => 11 ; 99682 row 1991: 0 Case + 0 Pack + 62 EA => 62 ; 99682 row 2267: 0 Case + 0 Pack + 0 EA => 0 ; 99682 row 2472: 0 Case + 0 Pack + 13 EA => 13 ; 99682 row 2637: 0 Case + 0 Pack + 45 EA => 45 ; 99682 row 2786: 0 Case + 0 Pack + 0 EA => 0 ; 99682 row 2836: 5.5 Case + 0 Pack + 30 EA => 162 ; 99682 row 2934: 0 Case + 0 Pack + 10 EA => 10,Confirm one countable EA is one individual item and today's standard case is 24 such items; keep older lines unchanged.
816f766a-c8cb-4786-8dae-f08b8223e588,TEA TWININGS ENGLISH BRKFST 6/,64 conflicting packs,2,Hold: opaque Case versus measurable pack,? ea/package × ? packages/case; label=package,ea,1,1,1/1 Case | 1/25 EA,27032:1/1 Case ; ALT|CODE=27032|tea twinings english brkfst 6|case=1|inner=1|base=null|unit=case:1/1 Case ; ALT|CODE=27032|tea twinings english brkfst 6|case=1|inner=25|base=1|unit=ea:1/25 EA,"Community Coffee / no SKU: verified 25 ea/purchase, case 25, inner 1, packUOM EA; source no bound mapping",0,,3,1,2026-07-31(2026-07-31) 50 ea [C 2 P 0 L 0],,2026-07-31,27032 row 2004: 2 Case + 0 Pack + 0 EA => 50 ; 27032 row 4992: 0 Case + 0 Pack + 0 EA => 0,"Confirm whether the Case denotes the entire stock unit or the measured alternate; identify current vendor/SKU, physical count unit and full-case total, reconciling it to the canonical unit/case quantity."
114eec06-b2b0-4bcb-8b28-e29361d167af,Tanqueray Mini,13 other opaque Case packs,4,Hold: other Case notation lacks physical content,? ea/package × ? packages/case; label=package,ea,120,120,12/10 Case,ALT|tanqueray mini|case=12|inner=10|base=1|unit=ea:12/10 Case,,0,,5,2,2026-07-31(2026-07-31) 98 ea [C 0 P 0 L 98] ; 2026-07-31(2026-07-31) 12 ea [C 0 P 0 L 12],,2026-07-31,no-code row 1073: 0 Case + 0 Pack + 0 Case => 0 ; no-code row 2646: 0 Case + 0 Pack + 98 Case => 98 ; no-code row 2938: 0 Case + 0 Pack + 12 Case => 12,"Confirm whether source Case refers to a complete stock unit, an inner case, or countable pieces; supply physical inner quantity/unit and current standard case composition. Do not extend the 1/1 Case decision."
b1bfe3e9-5ca7-42a8-84e3-3574e155359b,Titos,5 source-unit/geometry issues,2,Hold: source geometry invalid or unit mismatch,? ea/package × ? packages/case; label=package,ea,1,1,0/0 LT,ALT|titos|case=null|inner=null|base=null|unit=null:0/0 LT,,0,,6,0,,,2026-07-31,no-code row 1115: 0 Case + 0 Pack + 0 LT => 0 ; no-code row 1764: 0 Case + 0 Pack + 0 LT => 0 ; no-code row 2009: 0 Case + 0 Pack + 0 LT => 0 ; no-code row 2283: 0 Case + 0 Pack + 0 LT => 0 ; no-code row 2482: 0 Case + 0 Pack + 0 LT => 0 ; no-code row 2793: 0 Case + 0 Pack + 0 LT => 0,Obtain a current supplier/physical pack label and confirm canonical stock unit and full-case quantity; zero/zero source notation gives no size.
c4b9b2ab-02e3-4640-8569-75e8f080101d,Titos Mini,13 other opaque Case packs,4,Hold: other Case notation lacks physical content,? ea/package × ? packages/case; label=package,ea,60,60,12/5 Case,ALT|titos mini|case=12|inner=5|base=1|unit=ea:12/5 Case,,0,,5,2,2026-07-31(2026-07-31) 58 ea [C 0 P 0 L 58] ; 2026-07-31(2026-07-31) 103 ea [C 0 P 0 L 103],,2026-07-31,no-code row 1117: 0 Case + 0 Pack + 0 Case => 0 ; no-code row 2649: 0 Case + 0 Pack + 103 Case => 103 ; no-code row 2941: 0 Case + 0 Pack + 58 Case => 58,"Confirm whether source Case refers to a complete stock unit, an inner case, or countable pieces; supply physical inner quantity/unit and current standard case composition. Do not extend the 1/1 Case decision."
512f9b4b-fd6a-4a23-9dcc-481222671d9b,Tofu - Firm,64 conflicting packs,3,Hold: alternate source/vendor pack totals,? oz/package × ? packages/case; label=package,oz,228,228,12/16 OZ | 12/19 OZ,10061871:12/19 OZ ; 7104616:12/16 OZ ; ALT|CODE=10061871|tofu firm|case=12|inner=19|base=1|unit=oz:12/19 OZ ; ALT|CODE=7104616|tofu firm|case=12|inner=16|base=1|unit=oz:12/16 OZ,"Sysco / no SKU: verified 192 oz/purchase, case 192, inner 1, packUOM OZ; source no bound mapping ; Cheney Brothers / no SKU: verified 228 oz/purchase, case 228, inner 1, packUOM OZ; source no bound mapping",0,,5,2,2026-07-31(2026-07-31) 18 oz [C 1.5 P 0 L 0] ; 2026-07-31(2026-07-31) 24 oz [C 2 P 0 L 0],,2026-07-31,7104616 row 3164: 0 Case + 0 Pack + 0 OZ => 0 ; 7104616 row 3895: 1.5 Case + 0 Pack + 0 OZ => 18 ; 7104616 row 5078: 2 Case + 0 Pack + 0 OZ => 24,Which vendor/SKU and pack is the current standard for counting? Confirm physical container size and count per case and reconcile the answer with the stored canonical case quantity; preserve older vendor packs/counts.
2c9f7a4d-3d23-4b74-b9e0-a9b75bea9c2b,Tomato - Canned - Diced,64 conflicting packs,3,Hold: alternate source/vendor pack totals,? oz/package × ? packages/case; label=package,oz,613.76697,613.76697,6/111 OZ | 6/2.9 KG,156034:6/111 OZ ; 3896446:6/2.9 KG ; ALT|CODE=156034|tomato canned diced|case=6|inner=111|base=1|unit=oz:6/111 OZ ; ALT|CODE=3896446|tomato canned diced|case=6|inner=2.9|base=1|unit=kg:6/2.9 KG,"Cheney Brothers / no SKU: verified 666 oz/purchase, case 666, inner 1, packUOM OZ; source no bound mapping ; Sysco / no SKU: verified 613.7669379299999 oz/purchase, case 17.4, inner 35.27396, packUOM OZ; source no bound mapping",0,,2,0,,,2026-07-31,156034 row 3896: 0 Case + 0 Pack + 0 OZ => 0 ; 156034 row 4997: 0 Case + 0 Pack + 0 OZ => 0,Which vendor/SKU and pack is the current standard for counting? Confirm physical container size and count per case and reconcile the answer with the stored canonical case quantity; preserve older vendor packs/counts.
e797a4aa-ab7f-4aa2-9a00-b2ea9771224c,Tomato Fried Green,64 conflicting packs,3,Hold: alternate source/vendor pack totals,? oz/package × ? packages/case; label=package,oz,192,192,1/1 LB | 6/2 LB,10015502:6/2 LB ; 23021:1/1 LB ; 7420251:6/2 LB ; ALT|CODE=10015502|tomato fried green|case=6|inner=2|base=1|unit=lb:6/2 LB ; ALT|CODE=23021|tomato fried green|case=1|inner=1|base=1|unit=lb:1/1 LB ; ALT|CODE=7420251|tomato fried green|case=6|inner=2|base=1|unit=lb:6/2 LB,"Mr. Green's Produce / no SKU: verified 16 oz/purchase, case 1, inner 16, packUOM OZ; source no bound mapping ; Sysco / no SKU: verified 192 oz/purchase, case 12, inner 16, packUOM OZ; source no bound mapping ; Cheney Brothers / no SKU: verified 192 oz/purchase, case 12, inner 16, packUOM OZ; source no bound mapping",0,,3,1,2026-07-31(2026-07-31) 8 oz [C 8 P 0 L 0],,2026-07-31,23021 row 3165: 8 Case + 0 Pack + 0 LB => 8 ; 23021 row 5423: 0 Case + 0 Pack + 0 LB => 0,Which vendor/SKU and pack is the current standard for counting? Confirm physical container size and count per case and reconcile the answer with the stored canonical case quantity; preserve older vendor packs/counts.
ab085b7e-968f-489a-8441-5d5267a2378b,Tuna,64 conflicting packs,3,Hold: alternate source/vendor pack totals,? oz/package × ? packages/case; label=package,oz,160,160,1/1 LB | 1/10 LB,4434235:1/10 LB ; ALT|CODE=4434235|tuna|case=1|inner=10|base=1|unit=lb:1/10 LB ; ALT|tuna|case=1|inner=1|base=1|unit=lb:1/1 LB,"Sysco / no SKU: verified 160 oz/purchase, case 10, inner 16, packUOM OZ; source no bound mapping ; Samuels and Son Seafood Company / no SKU: verified 16 oz/purchase, case 1, inner 16, packUOM OZ; source no bound mapping",0,,4,1,2026-07-31(2026-07-31) 10 oz [C 1 P 0 L 0],,2026-07-31,4434235 row 3316: 1 Case + 0 Pack + 0 LB => 10 ; 4434235 row 4358: 0 Case + 0 Pack + 0 LB => 0 ; 4434235 row 5425: 0 Case + 0 Pack + 0 LB => 0,Which vendor/SKU and pack is the current standard for counting? Confirm physical container size and count per case and reconcile the answer with the stored canonical case quantity; preserve older vendor packs/counts.
d79188a3-8046-4c97-89c9-58c85ba256c1,Vegetable Blends/Medley's,64 conflicting packs,3,"Hold: equal totals, differing physical inner packs",? oz/package × ? packages/case; label=package,oz,384,384,12/32 OZ | 6/4 LB,2182665:6/4 LB ; 5711951:12/32 OZ ; ALT|CODE=2182665|vegetable blends medleys|case=6|inner=4|base=1|unit=lb:6/4 LB ; ALT|CODE=5711951|vegetable blends medleys|case=12|inner=32|base=1|unit=oz:12/32 OZ,"Sysco / no SKU: verified 384 oz/purchase, case 24, inner 16, packUOM OZ; source no bound mapping",0,,1,0,,,2026-07-31,2182665 row 3146: 0 Case + 0 Pack + 0 LB => 0,"Both source notations have compatible total, but confirm the number and size of physical countable packages in the current case; check saved count parts before any setup."
686b2d0b-7852-40fe-ae11-2e7c75945858,Veggie Burger,64 conflicting packs,3,Hold: alternate source/vendor pack totals,? oz/package × ? packages/case; label=package,oz,159.5,159.5,29/5.5 OZ | 32/6 OZ,204032:29/5.5 OZ ; 5090992:32/6 OZ ; ALT|CODE=204032|veggie burger|case=29|inner=5.5|base=1|unit=oz:29/5.5 OZ ; ALT|CODE=5090992|veggie burger|case=32|inner=6|base=1|unit=oz:32/6 OZ,"Sysco / no SKU: verified 192 oz/purchase, case 192, inner 1, packUOM OZ; source no bound mapping ; Cheney Brothers / no SKU: verified 159.5 oz/purchase, case 159.5, inner 1, packUOM OZ; source no bound mapping",0,,4,1,2026-07-31(2026-07-31) 32 oz [C 1 P 0 L 0],,2026-07-31,5090992 row 3325: 1 Case + 0 Pack + 0 OZ => 32 ; 5090992 row 4365: 0 Case + 0 Pack + 0 OZ => 0 ; 5090992 row 5431: 0 Case + 0 Pack + 0 OZ => 0,Which vendor/SKU and pack is the current standard for counting? Confirm physical container size and count per case and reconcile the answer with the stored canonical case quantity; preserve older vendor packs/counts.
f65ce3b2-2d2b-4135-9e8f-762daacc3973,Vinegar - Sherry,64 conflicting packs,3,Hold: alternate source/vendor pack totals,? oz/package × ? packages/case; label=package,oz,25.4,25.4,1/1 750ML | 1/25.4 OZ,062008:1/25.4 OZ ; 88-00295:1/1 750ML ; ALT|CODE=062008|vinegar sherry|case=1|inner=25.4|base=1|unit=oz:1/25.4 OZ ; ALT|CODE=88-00295|vinegar sherry|case=1|inner=1|base=750|unit=ml:1/1 750ML,"Halperns / no SKU: verified 750 oz/purchase, case 1, inner 750, packUOM ML; source no bound mapping ; Cheney Brothers / no SKU: verified 25.4 oz/purchase, case 25.4, inner 1, packUOM OZ; source no bound mapping",0,,2,1,2026-07-31(2026-07-31) 4 oz [C 4 P 0 L 0],,2026-07-31,88-00295 row 4632: 4 Case + 0 Pack + 0 750ML => 4,Which vendor/SKU and pack is the current standard for counting? Confirm physical container size and count per case and reconcile the answer with the stored canonical case quantity; preserve older vendor packs/counts.
4a041460-67e5-47c1-9a71-1b5fc1496331,guinness zero,5 source-unit/geometry issues,2,Hold: source geometry invalid or unit mismatch,? ea/package × ? packages/case; label=package,ea,1,1,0/0 EA,ALT|guinness zero|case=null|inner=null|base=null|unit=null:0/0 EA,,0,,4,0,,,2026-07-31,no-code row 1660: 0 Case + 0 Pack + 0 EA => 0 ; no-code row 2375: 0 Case + 0 Pack + 0 EA => 0 ; no-code row 2566: 0 Case + 0 Pack + 0 EA => 0 ; no-code row 2728: 0 Case + 0 Pack + 0 EA => 0,Obtain a current supplier/physical pack label and confirm canonical stock unit and full-case quantity; zero/zero source notation gives no size.
5dbebef5-c668-47e9-8e07-13ca19024e32,raw clams,64 conflicting packs,3,Hold: alternate source/vendor pack totals,? oz/package × ? packages/case; label=package,oz,16,16,1/1 LB | 10/1 LB,256022:10/1 LB ; ALT|CODE=256022|raw clams|case=10|inner=1|base=1|unit=lb:10/1 LB ; ALT|raw clams|case=1|inner=1|base=1|unit=lb:1/1 LB,"Samuels and Son Seafood Company / no SKU: verified 16 oz/purchase, case 1, inner 16, packUOM OZ; source no bound mapping ; Cheney Brothers / no SKU: verified 160 oz/purchase, case 10, inner 16, packUOM OZ; source no bound mapping",0,,1,0,,,2026-07-31,256022 row 3831: 0 Case + 0 Pack + 0 LB => 0,Which vendor/SKU and pack is the current standard for counting? Confirm physical container size and count per case and reconcile the answer with the stored canonical case quantity; preserve older vendor packs/counts.
7734d316-0947-4b52-bd05-aab427c2b26a,shortening cube,13 other opaque Case packs,4,Hold: other Case notation lacks physical content,? ea/package × ? packages/case; label=package,ea,50,50,1/50 Case,ALT|shortening cube|case=1|inner=50|base=1|unit=ea:1/50 Case,,0,,1,0,,,2026-07-31,no-code row 4652: 0 Case + 0 Pack + 0 Case => 0,"Confirm whether source Case refers to a complete stock unit, an inner case, or countable pieces; supply physical inner quantity/unit and current standard case composition. Do not extend the 1/1 Case decision."
